ID,Name,explanation,canAppearNormal,canAppearDeep,requiresDebuff,isDebuff,compatibilityId,overrideBaseEffectId
-1,空词条,,0,0,0,0,-1,-1
10000,[特殊遗物] FP Restoration upon Successive Attacks,,0,0,0,0,-1,1
10001,[特殊遗物] Taking attacks improves attack power,,0,0,0,0,-1,1
10002,[特殊遗物] Switching Weapons Boosts Attack Power,,0,0,0,0,-1,1
11000,[特殊遗物] +1 additional Character Skill use,,0,0,0,0,-1,1
11001,[特殊遗物] Flask Also Heals Allies,,0,0,0,0,-1,1
11002,[特殊遗物] Art gauge greatly filled when ability is,,0,0,0,0,-1,1
12000,[特殊遗物] Increased duration for Character Skill,,0,0,0,0,-1,1
12001,[特殊遗物] Art gauge charged from successful guarding,,0,0,0,0,-1,1
12002,[特殊遗物] Slowly restores nearby allies' HP,,0,0,0,0,-1,1
12003,[特殊遗物] Slowly restores nearby allies' HP,,0,0,0,0,-1,1
13000,[特殊遗物] Attack power increases after using grease items,,0,0,0,0,-1,1
13001,[特殊遗物] Critical Hits Earn Runes,,0,0,0,0,-1,1
13002,[特殊遗物] Improved Attack Power with 3+ Bows Equipped,,0,0,0,0,-1,1
14000,[特殊遗物] Dagger chain attack reprises event upon,,0,0,0,0,-1,1
14001,[特殊遗物] Become difficult to spot and silence,,0,0,0,0,-1,1
14002,[特殊遗物] Slowly restore HP for self and nearby allies when HP is low,,0,0,0,0,-1,1
15000,[特殊遗物] Duration of Ultimate Art extended,,0,0,0,0,-1,1
15001,[特殊遗物] Damage taken while using Character Skill improves attack power and stamina,,0,0,0,0,-1,1
15002,[特殊遗物] Defeating enemies near Totem Stela restores HP,,0,0,0,0,-1,1
16000,[特殊遗物] Strengthens family and allies when Ultimate Art is activated,,0,0,0,0,-1,1
16001,[特殊遗物] Increased rune acquisition for self and allies,,0,0,0,0,-1,1
16002,[特殊遗物] Expend own HP to fully heal nearby allies when activating Art,,0,0,0,0,-1,1
17000,[特殊遗物] Attack power permanently increased for each evergaol prisoner defeated,,0,0,0,0,-1,1
17001,[特殊遗物] Max FP Up with 3+ Staves Equipped,,0,0,0,0,-1,1
17002,[特殊遗物 - 隐士] Suffer blood loss and increase attack power upon Art activation,,0,0,0,0,-1,1
18000,[特殊遗物] HP restored when using cured meats- medicinal boluses- etc.,,0,0,0,0,-1,1
18001,[特殊遗物] Art gauge fills moderately upon critical hit,,0,0,0,0,-1,1
18002,[特殊遗物] Roaring restores HP while Art is active,,0,0,0,0,-1,1
19001,[特殊遗物 - 学者] Allies targeted by Character Skill gain boosted attack,,0,0,0,0,-1,1
100000,[特殊遗物] Taking attacks improves attack power,,0,0,0,0,-1,100
310000,[饰品] 提升血量上限,生命值上限+12%,0,0,0,0,-1,-1
310100,[饰品] 提升专注值上限,专注值上限+12%,0,0,0,0,-1,-1
310200,[饰品] 提升精力上限,精力值上限+12%,0,0,0,0,-1,-1
310400,[饰品] 提升血量上限,生命值上限+7%,0,0,0,0,-1,-1
310401,[饰品] 提升精力上限,精力值上限+7%,0,0,0,0,-1,-1
311000,[饰品] 提升观察力,观察力+40,0,0,0,0,-1,-1
311100,[饰品] 打倒敌人时，增加获得的卢恩,获得的卢恩+15%，仅对击杀奖励有效,0,0,0,0,-1,-1
311500,[饰品] 提升精力恢复速度,精力回复速度+8点/秒,0,0,0,0,-1,-1
311600,[饰品] 提升对出血的抵抗力,出血异常耐受上限+75,0,0,0,0,-1,-1
311601,[饰品] 提升对冻伤的抵抗力,冻伤异常耐受上限+75,0,0,0,0,-1,-1
311700,[饰品] 提升对中毒的抵抗力,中毒异常耐受上限+75,0,0,0,0,-1,-1
311701,[饰品] 提升对腐败的抵抗力,腐败异常耐受上限+75,0,0,0,0,-1,-1
311800,[饰品] 提升对催眠的抵抗力,催眠异常耐受上限+75,0,0,0,0,-1,-1
311801,[饰品] 提升对发狂的抵抗力,发狂异常耐受上限+75,0,0,0,0,-1,-1
311900,[饰品] 提升对骤死的抵抗力,骤死异常耐受上限+75,0,0,0,0,-1,-1
312000,[饰品] 提升对中毒、腐败的抵抗力,中毒、腐败异常耐受上限+40,0,0,0,0,-1,-1
312001,[饰品] 提升对出血、冻伤的抵抗力,出血、冻伤异常耐受上限+40,0,0,0,0,-1,-1
312002,[饰品] 提升对催眠、发狂的抵抗力,催眠、发狂异常耐受上限+40,0,0,0,0,-1,-1
312100,[饰品] 提升强韧度,受到的韧性伤害-25%,0,0,0,0,-1,-1
312300,[饰品] 提升战技攻击力,战技造成的伤害+15%,0,0,0,0,-1,-1
312500,[饰品] 提升灵巧,+5点灵巧,0,0,0,0,-1,-1
312501,[饰品] 连续攻击时，提升攻击力,根据连续攻击累积值增加伤害 ° 共有4个阶段 [4%/6%/11%/11%]，每个阶段提供的增伤效果互相叠乘 ° 持续时间 [1-3阶段1.5秒，4阶段0秒],0,0,0,0,-1,-1
320000,[饰品] 提升魔力属性攻击力,造成的魔力属性伤害+15%,0,0,0,0,-1,-1
320001,[饰品] 降低物理减伤率,受到的物理属性伤害+3%,0,0,0,0,-1,-1
320100,[饰品] 提升雷属性攻击力,造成的雷属性伤害+15%,0,0,0,0,-1,-1
320101,[饰品] 降低物理减伤率,受到的物理属性伤害+3%,0,0,0,0,-1,-1
320200,[饰品] 提升火属性攻击力,造成的火属性伤害+15%,0,0,0,0,-1,-1
320201,[饰品] 降低物理减伤率,受到的物理属性伤害+3%,0,0,0,0,-1,-1
320300,[饰品] 提升圣属性攻击力,造成的圣属性伤害+15%,0,0,0,0,-1,-1
320301,[饰品] 降低物理减伤率,受到的物理属性伤害+3%,0,0,0,0,-1,-1
320400,[饰品] 血量偏低时，提升攻击力,生命值小于40%时，造成的伤害+20%,0,0,0,0,-1,-1
320500,[饰品] 血量全满时，提升攻击力,生命值为100%时，造成的伤害+10%,0,0,0,0,-1,-1
320600,[饰品] 强化突刺反击,触发突刺反击时，额外造成20%物理伤害,0,0,0,0,-1,-1
320700,[饰品] 提升瓦解防御的能力,攻击举盾防御的敌人时，敌人消耗的精力值+50%,0,0,0,0,-1,-1
320800,[饰品] 连续攻击时，提升攻击力,根据连续攻击累积值增加伤害 ° 共有4个阶段 [3%/5%/10%/10%]，每个阶段提供的增伤效果互相叠乘 ° 持续时间 [1-3阶段1.5秒，4阶段0秒],0,0,0,0,-1,-1
320801,[饰品] Successive Attacks Boost Attack Power,无效,0,0,0,0,-1,-1
320900,[饰品] 强化致命一击,致命一击造成的伤害+24%,0,0,0,0,-1,-1
321000,[饰品] 降低射击时，伤害随距离递减的影响,增加50%弓弩基础射程距离（基础射程为50),0,0,0,0,-1,-1
321200,[饰品] 强化连续攻击的最后攻击,连续攻击的最后攻击伤害+15%,0,0,0,0,-1,-1
321300,[饰品] 强化蓄力攻击,蓄力攻击的伤害+12%,0,0,0,0,-1,-1
321500,[饰品] 强化射击,箭矢造成的伤害+14%,0,0,0,0,-1,-1
321600,[饰品] 周围陷入出血时，提升攻击力,周围有任意角色出血后，造成伤害+12%，持续20秒,0,0,0,0,-1,-1
321700,[饰品] 周围陷入中毒、腐败时，提升攻击力,周围有任意角色中毒或猩红腐败后，造成伤害+12%，持续20秒,0,0,0,0,-1,-1
321800,[饰品] 强化跳跃攻击,增加12%跳跃攻击造成的伤害,0,0,0,0,-1,-1
321900,[饰品] 强化咆哮与吐息,增加20%吐息和咆哮造成的伤害,0,0,0,0,-1,-1
322000,[饰品] 强化防御反击,增加20%防御反击造成的伤害,0,0,0,0,-1,-1
322100,[饰品] 强化投掷壶,增加20%投掷壶造成的伤害,0,0,0,0,-1,-1
322200,[饰品] 强化调香术,增加20%调香类道具造成的伤害,0,0,0,0,-1,-1
330000,[饰品] 强化魔法,增加11%魔法造成的伤害 (只要用魔法杖打出的都算）,0,0,0,0,-1,-1
330400,[饰品] 强化祷告,增加11%祷告造成的伤害,0,0,0,0,-1,-1
330600,[饰品] 延长魔法、祷告的有效时间,延长魔法、祷告的有效时间(延长佩戴时长的30%，向下取整),0,0,0,0,-1,-1
330700,[饰品] 缩短魔法、祷告的咏唱时间,增加相当于60点灵巧所带来的施法速度,0,0,0,0,-1,-1
330800,[饰品] 减少魔法、祷告专注值消耗,减少25%专注值消耗,0,0,0,0,-1,-1
330801,[饰品] 降低血量上限,减少6%最大生命值,0,0,0,0,-1,-1
330900,[饰品] 强化魔法、祷告、战技的蓄力使用,增加蓄力魔法/祷告/战技造成的伤害+18%,0,0,0,0,-1,-1
340000,[饰品] 提升物理减伤率,减少受到物理伤害-15%,0,0,0,0,-1,-1
340100,[饰品] 提升魔力属性减伤率,减少受到魔力属性伤害-20%,0,0,0,0,-1,-1
340200,[饰品] 提升火属性减伤率,减少受到火属性伤害-20%,0,0,0,0,-1,-1
340300,[饰品] 提升雷属性减伤率,减少受到雷属性伤害-20%,0,0,0,0,-1,-1
340400,[饰品] 提升圣属性减伤率,减少受到圣属性伤害-20%,0,0,0,0,-1,-1
340500,[饰品] 提升物理以外的减伤率,减少受到的除物理外伤害-10%,0,0,0,0,-1,-1
340700,[饰品] 强化闪避,增强闪避动作无敌帧,0,0,0,0,-1,-1
340701,[饰品] 降低减伤率,降低5%减伤率,0,0,0,0,-1,-1
340800,[饰品] 血量偏低时，提升减伤率,生命值小于40%时，受到的伤害-40%,0,0,0,0,-1,-1
340900,[饰品] 血量全满时，提升减伤率,生命值为100%时，受到的伤害-30%,0,0,0,0,-1,-1
341000,[饰品] 提升防御强度,防御时，最终损失的精力值-20%,0,0,0,0,-1,-1
350000,[饰品] 提升圣杯瓶恢复量,增加红露滴圣杯瓶20%恢复量,0,0,0,0,-1,-1
350200,[饰品] 持续恢复血量,每秒恢复2点生命值,0,0,0,0,-1,-1
350300,[饰品] 打倒敌人时，恢复血量,击杀一名敌人后，回复最大生命值的6%,0,0,0,0,-1,-1
350400,[饰品] 连续攻击时，恢复血量,连续攻击回复血量，回复最大生命值的6%,0,0,0,0,-1,-1
350500,[饰品] 致命一击时，恢复血量,致命一击回复血量，回复最大生命值的18%,0,0,0,0,-1,-1
350600,[饰品] 致命一击时，恢复专注值,致命一击回复专注值，回复最大专注值的10%,0,0,0,0,-1,-1
360200,[饰品] 减少战技专注值消耗,减少25%战技消耗的专注值,0,0,0,0,-1,-1
360700,[饰品] 死亡时，不会掉落卢恩与降低等级,死后不减卢恩,0,0,0,0,-1,-1
361100,[饰品] 打倒敌人时，恢复专注值,击杀一名敌人后，回复5点专注值,0,0,0,0,-1,-1
370000,[饰品] 提升观察力,观察力+40,0,0,0,0,-1,-1
370001,[饰品] 打倒敌人时，增加获得的卢恩,获得的卢恩+20%，仅对击杀奖励有效,0,0,0,0,-1,-1
370002,[饰品] 持续减少血量,每秒减少5点生命值,0,0,0,0,-1,-1
6001400,提升物理攻击力＋３,物理攻击力+10.5%,0,1,1,0,100,1000
6001401,提升物理攻击力＋４,物理攻击力+12%,0,1,1,0,100,1000
6001500,提升魔力属性攻击力＋３,魔力属性攻击力+10.5%,0,1,1,0,100,1000
6001501,提升魔力属性攻击力＋４,魔力属性攻击力+12%,0,1,1,0,100,1000
6001600,提升火属性攻击力＋３,火属性攻击力+10.5%,0,1,1,0,100,1000
6001601,提升火属性攻击力＋４,火属性攻击力+12%,0,1,1,0,100,1000
6001700,提升雷属性攻击力＋３,雷属性攻击力+10.5%,0,1,1,0,100,1000
6001701,提升雷属性攻击力＋４,雷属性攻击力+12%,0,1,1,0,100,1000
6001800,提升圣属性攻击力＋３,圣属性攻击力+10.5%,0,1,1,0,100,1000
6001801,提升圣属性攻击力＋４,圣属性攻击力+12%,0,1,1,0,100,1000
6002600,提升魔力属性减伤率＋１,减少受到魔力属性伤害-15%,0,1,1,0,7002600,1000
6002601,提升魔力属性减伤率＋２,减少受到魔力属性伤害-16%,0,1,1,0,7002600,1000
6002700,提升火属性减伤率＋１,减少受到火属性伤害-15%,0,1,1,0,7002700,1000
6002701,提升火属性减伤率＋２,减少受到火属性伤害-16%,0,1,1,0,7002700,1000
6002800,提升雷属性减伤率＋１,减少受到雷属性伤害-15%,0,1,1,0,7002800,1000
6002801,提升雷属性减伤率＋２,减少受到雷属性伤害-16%,0,1,1,0,7002800,1000
6002900,提升圣属性减伤率＋１,减少受到圣属性伤害-15%,0,1,1,0,7002900,1000
6002901,提升圣属性减伤率＋２,减少受到圣属性伤害-16%,0,1,1,0,7002900,1000
6003000,提升对中毒的抵抗力＋１,+110点中毒异常耐受上限,0,1,0,0,7003000,1000
6003001,提升对中毒的抵抗力＋２,+130点中毒异常耐受上限,0,1,1,0,7003000,1000
6003100,提升对出血的抵抗力＋１,+110点出血异常耐受上限,0,1,0,0,7003100,1000
6003101,提升对出血的抵抗力＋２,+130点出血异常耐受上限,0,1,1,0,7003100,1000
6003200,提升对催眠的抵抗力＋１,+110点催眠异常耐受上限,0,1,0,0,7003200,1000
6003201,提升对催眠的抵抗力＋２,+130点催眠异常耐受上限,0,1,1,0,7003200,1000
6003300,提升对骤死的抵抗力＋１,+110点死亡异常耐受上限,0,1,0,0,7003300,1000
6003301,提升对骤死的抵抗力＋２,+130点死亡异常耐受上限,0,1,1,0,7003300,1000
6003400,提升对腐败的抵抗力＋１,+110点猩红腐败异常耐受上限,0,1,0,0,7003400,1000
6003401,提升对腐败的抵抗力＋２,+130点猩红腐败异常耐受上限,0,1,1,0,7003400,1000
6003500,提升对冻伤的抵抗力＋１,+110点冻伤异常耐受上限,0,1,0,0,7003500,1000
6003501,提升对冻伤的抵抗力＋２,+130点冻伤异常耐受上限,0,1,1,0,7003500,1000
6003600,提升对发狂的抵抗力＋１,+110点发狂异常耐受上限,0,1,0,0,7003600,1000
6003601,提升对发狂的抵抗力＋２,+130点发狂异常耐受上限,0,1,1,0,7003600,1000
6005600,受到损伤的当下，能通过攻击恢复部分血量＋１,最近一次被攻击的4s内，可通过攻击恢复这部分虚血每次攻击的恢复量=武器基础回血量×动作回血倍率×1.25,0,1,1,0,7005600,100
6005601,受到损伤的当下，能通过攻击恢复部分血量＋２,最近一次被攻击的4s内，可通过攻击恢复这部分虚血每次攻击的恢复量=武器基础回血量×动作回血倍率×1.35,0,1,1,0,7005600,100
6030200,食用苔药等等道具时，能恢复血量＋１,使用对应道具后立即回复80点生命值，然后每秒回复最大生命值的0.5%+1，持续20秒,0,1,0,0,7030200,100
6030600,防御成功时，能累积绝招量表＋１,绝招量表+1.5,0,1,1,0,7030600,100
6030800,使出致命一击时，加快累积绝招量表＋１,绝招量表+6.5,0,1,1,0,7030800,100
6030900,涂抹油脂类道具时，能额外提升物理攻击力＋１,30秒内，增加物理伤害+17%,0,1,1,0,100,100
6030901,涂抹油脂类道具时，能额外提升物理攻击力＋２,30秒内，增加物理伤害+20%,0,1,1,0,100,100
6035100,使出致命一击时，能提升精力的恢复速度＋１,15秒内，精力回复速度+17点/秒,0,1,0,0,7035100,100
6040100,强化防御反击＋１,防御反击造成的伤害+25%,0,1,1,0,100,100
6040101,强化防御反击＋２,防御反击造成的伤害+29%,0,1,1,0,100,100
6040300,提升投掷壶的攻击力＋１,投掷壶造成的伤害+30%,0,1,0,0,7040300,100
6040400,提升投掷小刀的攻击力＋１,投掷小刀造成的伤害+30%,0,1,0,0,7040400,100
6040500,提升使用辉石、重力石道具的攻击力＋１,投掷辉石、重力石造成的伤害+30%,0,1,0,0,7040500,100
6043100,强化调香术＋１,调香术造成的伤害+18%,0,1,0,0,7043100,100
6060300,每次打倒大教堂的强敌，能提升血量上限,每次生命值上限+5%,0,1,0,0,6060300,100
6060400,每次打倒小型要塞的强敌，能增加获得的卢恩、提升观察力,每次获得的卢恩+5.5%，仅对击杀奖励有效，观察力+16,0,1,0,0,6060400,100
6060500,每次打倒遗迹的强敌，能提升感应,每次感应+4,0,1,0,0,6060500,100
6060600,每次打倒大型营地的强敌，能提升精力上限,每次精力值上限+7.5%,0,1,0,0,6060600,100
6090000,提升打倒敌人时，绝招量表的累积量＋１,绝招量表+6.5,0,1,1,0,7090000,100
6160000,突刺反击成功时，能恢复血量＋１,触发突刺反击时，回复人物最大生命值的3.3%,0,1,1,0,7160000,100
6260000,对陷入中毒的敌人，能强化攻击＋１,对中毒的敌人造成的伤害+16%,0,1,1,0,7260300,100
6260001,对陷入中毒的敌人，能强化攻击＋２,对中毒的敌人造成的伤害+20%,0,1,1,0,7260300,100
6260300,对陷入猩红腐败的敌人，能强化攻击＋１,对猩红腐败的敌人造成的伤害+16%,0,1,1,0,7260300,100
6260301,对陷入猩红腐败的敌人，能强化攻击＋２,对猩红腐败的敌人造成的伤害+20%,0,1,1,0,7260300,100
6260400,对陷入冻伤的敌人，能强化攻击＋１,对冻伤的敌人造成的伤害+16%,0,1,1,0,7260400,100
6260401,对陷入冻伤的敌人，能强化攻击＋２,对冻伤的敌人造成的伤害+20%,0,1,1,0,7260400,100
6500000,[追踪者]技艺会附加引发异常状态出血的效果,钩出附带60点出血值，钩回附带55点出血值,0,1,0,0,900,1
6500100,[守护者]发动技艺时，能提升周围我方人物的减伤率,30秒内，受到的伤害-18%,0,1,0,0,900,1
6500200,[铁之眼]技艺会附加引发异常状态中毒的效果; 对上陷入中毒的敌人，能给予大伤害,附带 70 点中毒值，如果目标已经中毒，扣除敌人最大生命值的 0.25% + 250; 中毒：40秒内，每秒扣除敌人最大生命值的 0.1% + 10,0,1,0,0,900,1
6500300,[女爵]发动技艺时，能进入短暂无敌状态,产生12帧（0.4秒）无敌帧,0,1,0,0,900,1
6500400,[无赖]技艺命中敌人时，能降低对方的攻击力,13s 内，敌人造成的伤害-13%,0,1,0,0,900,1
6500500,[复仇者]发动能力时，能提升专注值上限,每次发动能力【死灵术】，提升专注值上限，局内无限成长; 最多可成长60次，最多 +51% 专注值上限;,0,1,0,0,900,1
6500600,[隐士]收集属性痕时，能提升该属性的减伤率,"30秒内，受到对应属性的伤害-20% (反复收集同一个属性的属性痕时，减伤buff不能反复叠加, 但4种不同属性的减伤buff可以共存)",0,1,0,0,900,1
6500700,[执行者]发动能力时，能缓慢恢复血量,每次发动能力【不屈】，每秒回复最大生命值的[0.27% + 3]，持续60秒(总回复量约为[16.2%+180]点),0,1,0,0,900,1
6500800,[学者]对自己使用技艺时，能减少消耗的专注值,40秒内，自身消耗的专注值-15%/-30%/-45%，和技艺进行率挂钩,0,1,0,0,900,1
6500900,[送葬者]发动绝招后，能再次使用技艺,,0,1,0,0,900,1
6600000,周围陷入催眠时，提升攻击力,周围有任意角色催眠后，造成伤害+12%，持续20秒,0,1,0,0,100,100
6600001,周围陷入催眠时，提升攻击力＋１,周围有任意角色催眠后，造成伤害+22%，持续20秒,0,1,1,0,100,100
6600100,周围陷入发狂时，提升攻击力,周围有任意角色发狂后，造成伤害+12%，持续20秒,0,1,0,0,100,100
6600101,周围陷入发狂时，提升攻击力＋１,周围有任意角色发狂后，造成伤害+22%，持续20秒,0,1,1,0,100,100
6610400,提升血量上限,生命值上限+10%,0,1,1,0,6610400,1000
6610500,提升专注值上限,专注值上限+15%,0,1,1,0,6610500,1000
6610600,提升精力上限,精力值上限+12%,0,1,1,0,6610600,1000
6610700,减少专注值消耗,专注值消耗-8%,0,1,0,0,6610700,1000
6610800,提升属性攻击力,魔力/火/雷/圣属性伤害+5%,0,1,0,0,100,1000
6610801,提升属性攻击力＋１,魔力/火/雷/圣属性伤害+8%,0,1,1,0,100,1000
6610802,提升属性攻击力＋２,魔力/火/雷/圣属性伤害+10%,0,1,1,0,100,1000
6611001,提升物理减伤率＋１,受到的物理属性伤害-10.5%,0,1,1,0,7006200,1000
6611002,提升物理减伤率＋２,受到的物理属性伤害-12%,0,1,1,0,7006200,1000
6611100,提升属性减伤率,受到的魔力/火/雷/圣属性伤害-6%,0,1,0,0,6611100,1000
6611101,提升属性减伤率＋１,受到的魔力/火/雷/圣属性伤害-10.5%,0,1,1,0,6611100,1000
6611102,提升属性减伤率＋２,受到的魔力/火/雷/圣属性伤害-12%,0,1,1,0,6611100,1000
6611200,强化魔法,魔法造成的伤害+5% (只要用魔法杖打出的都算）,0,1,0,0,100,100
6611201,强化魔法＋１,魔法造成的伤害+8.5% (只要用魔法杖打出的都算）,0,1,1,0,100,100
6611202,强化魔法＋２,魔法造成的伤害+10% (只要用魔法杖打出的都算）,0,1,1,0,100,100
6611300,强化祷告,祷告造成的伤害+5%,0,1,0,0,100,100
6611301,强化祷告＋１,祷告造成的伤害+8.5%,0,1,1,0,100,100
6611302,强化祷告＋２,祷告造成的伤害+10%,0,1,1,0,100,100
6611400,提升圣杯瓶恢复量,增加红露滴圣杯瓶10%恢复量,0,1,0,0,6611400,100
6621000,出击时，会持有“漫红结晶露滴”,,0,1,0,0,6621000,100
6621100,出击时，会持有“红结晶露滴”,,0,1,0,0,6621000,100
6621200,出击时，会持有“蓝结晶露滴”,,0,1,0,0,6621000,100
6621300,出击时，会持有“斑斓硬露滴”,,0,1,0,0,6621000,100
6621400,出击时，会持有“红泡状露滴”,,0,1,0,0,6621000,100
6621500,出击时，会持有“珍珠泡状露滴”,,0,1,0,0,6621000,100
6621600,出击时，会持有“涌红结晶露滴”,,0,1,0,0,6621000,100
6621700,出击时，会持有“涌绿结晶露滴”,,0,1,0,0,6621000,100
6621800,出击时，会持有“珍珠硬露滴”,,0,1,0,0,6621000,100
6621900,出击时，会持有“连刺破露滴”,,0,1,0,0,6621000,100
6622000,出击时，会持有“大刺破露滴”,,0,1,0,0,6621000,100
6622100,出击时，会持有“风结晶露滴”,,0,1,0,0,6621000,100
6622200,出击时，会持有“爆裂结晶露滴”,,0,1,0,0,6621000,100
6622300,出击时，会持有“铅化硬露滴”,,0,1,0,0,6621000,100
6622400,出击时，会持有“细枝破露滴”,,0,1,0,0,6621000,100
6622500,出击时，会持有“红漩泡状露滴”,,0,1,0,0,6621000,100
6622600,出击时，会持有“蓝秘密露滴”,,0,1,0,0,6621000,100
6622700,出击时，会持有“岩刺破露滴”,,0,1,0,0,6621000,100
6622800,出击时，会持有“带火破露滴”,,0,1,0,0,6621000,100
6622900,出击时，会持有“带魔力破露滴”,,0,1,0,0,6621000,100
6623000,出击时，会持有“带雷破露滴”,,0,1,0,0,6621000,100
6623100,出击时，会持有“带圣破露滴”,,0,1,0,0,6621000,100
6623200,Greenspill Crystal Tear in possession at start of expedition,未实装？,0,1,0,0,6621000,100
6624000,出击时，会持有“振奋香”,,0,1,0,0,6624000,100
6624100,出击时，会持有“火花香”,,0,1,0,0,6624000,100
6624200,出击时，会持有“铁壶香药”,,0,1,0,0,6624000,100
6624300,出击时，会持有“狂热香药”,,0,1,0,0,6624000,100
6624400,出击时，会持有“毒发喷雾”,,0,1,0,0,6624000,100
6624500,出击时，会持有“酸蚀喷雾”,,0,1,0,0,6624000,100
6630000,通过潜在能力，能比较容易找到短剑,直接替换角色专属池,1,1,0,0,6630000,100
6630100,通过潜在能力，能比较容易找到直剑,直接替换角色专属池,1,1,0,0,6630000,100
6630200,通过潜在能力，能比较容易找到大剑,直接替换角色专属池,1,1,0,0,6630000,100
6630300,通过潜在能力，能比较容易找到特大剑,直接替换角色专属池,1,1,0,0,6630000,100
6630400,通过潜在能力，能比较容易找到曲剑,直接替换角色专属池,1,1,0,0,6630000,100
6630500,通过潜在能力，能比较容易找到大曲剑,直接替换角色专属池,1,1,0,0,6630000,100
6630600,通过潜在能力，能比较容易找到刀,直接替换角色专属池,1,1,0,0,6630000,100
6630700,通过潜在能力，能比较容易找到双头剑,直接替换角色专属池,1,1,0,0,6630000,100
6630800,通过潜在能力，能比较容易找到刺剑,直接替换角色专属池,1,1,0,0,6630000,100
6630900,通过潜在能力，能比较容易找到重刺剑,直接替换角色专属池,1,1,0,0,6630000,100
6631000,通过潜在能力，能比较容易找到斧,直接替换角色专属池,1,1,0,0,6630000,100
6631100,通过潜在能力，能比较容易找到大斧,直接替换角色专属池,1,1,0,0,6630000,100
6631200,通过潜在能力，能比较容易找到槌,直接替换角色专属池,1,1,0,0,6630000,100
6631300,通过潜在能力，能比较容易找到大槌,直接替换角色专属池,1,1,0,0,6630000,100
6631400,通过潜在能力，能比较容易找到连枷,直接替换角色专属池,1,1,0,0,6630000,100
6631500,通过潜在能力，能比较容易找到矛,直接替换角色专属池,1,1,0,0,6630000,100
6631600,通过潜在能力，能比较容易找到大矛,直接替换角色专属池,1,1,0,0,6630000,100
6631700,通过潜在能力，能比较容易找到戟,直接替换角色专属池,1,1,0,0,6630000,100
6631800,通过潜在能力，能比较容易找到镰刀,直接替换角色专属池,1,1,0,0,6630000,100
6631900,通过潜在能力，能比较容易找到拳头,直接替换角色专属池,1,1,0,0,6630000,100
6632000,通过潜在能力，能比较容易找到钩爪,直接替换角色专属池,1,1,0,0,6630000,100
6632100,通过潜在能力，能比较容易找到软鞭,直接替换角色专属池,1,1,0,0,6630000,100
6632200,通过潜在能力，能比较容易找到特大武器,直接替换角色专属池,1,1,0,0,6630000,100
6632300,通过潜在能力，能比较容易找到弓,直接替换角色专属池,1,1,0,0,6630000,100
6632400,通过潜在能力，能比较容易找到大弓,直接替换角色专属池,1,1,0,0,6630000,100
6632500,通过潜在能力，能比较容易找到弩,直接替换角色专属池,1,1,0,0,6630000,100
6632600,通过潜在能力，能比较容易找到弩炮,直接替换角色专属池,1,1,0,0,6630000,100
6632700,通过潜在能力，能比较容易找到小盾,直接替换角色专属池,1,1,0,0,6630000,100
6632800,通过潜在能力，能比较容易找到中盾,直接替换角色专属池,1,1,0,0,6630000,100
6632900,通过潜在能力，能比较容易找到大盾,直接替换角色专属池,1,1,0,0,6630000,100
6633000,通过潜在能力，能比较容易找到手杖,直接替换角色专属池,1,1,0,0,6630000,100
6633100,通过潜在能力，能比较容易找到圣印记,直接替换角色专属池,1,1,0,0,6630000,100
6633200,通过潜在能力，能比较容易找到火把,直接替换角色专属池,1,1,0,0,6630000,100
6640000,[追踪者]提升集中力，但降低生命力,等级1时，集中力+1，生命力-1; 等级12时达到变化最大值，集中力+10，生命力-5,0,1,0,0,900,1
6640100,[追踪者]提升智力、信仰，但降低力气、灵巧,等级1时，智力+1，信仰+1，力气-1，灵巧-1; 等级12时达到变化最大值，智力+15，信仰+15，力气-7、灵巧-5,0,1,0,0,900,1
6641000,[守护者]提升力气、灵巧，但降低生命力,等级1时，力气+1，灵巧+2，生命力-1; 等级12时达到变化最大值，力气+9，灵巧+19，生命力-8,0,1,0,0,900,1
6641100,[守护者]提升集中力、信仰，但降低生命力,等级1时，集中力+1，信仰+2，生命力-1; 等级12时达到变化最大值，集中力+8，信仰+17，生命力-6,0,1,0,0,900,1
6642000,[铁之眼]提升感应，但降低灵巧,等级1时，感应+2，灵巧-1; 等级12时达到变化最大值，感应+15，灵巧-9,0,1,0,0,900,1
6642100,[铁之眼]提升生命力、力气，但降低灵巧,等级1时，生命力+1，力气+2，灵巧-2; 等级12时达到变化最大值，生命力+5，力气+20，灵巧-13,0,1,0,0,900,1
6643000,[女爵]提升生命力、力气，但降低集中力,等级1时，生命力+1，力气+2，集中力-2; 等级12时达到变化最大值，生命力+3，力气+24，集中力-14,0,1,0,0,900,1
6643100,[女爵]提升集中力、信仰，但降低智力,等级1时，集中力+1，信仰+2，智力-1; 等级12时达到变化最大值，集中力+3，信仰+13，智力-5,0,1,0,0,900,1
6644000,[无赖]提升集中力、智力，但降低生命力、耐力,等级1时，集中力+1，智力+2，生命力-1，耐力-1; 等级12时达到变化最大值，集中力+9，智力+35，生命力-8，耐力-4,0,1,0,0,900,1
6644100,[无赖]提升感应，但降低生命力,等级1时，感应+2，生命力-1; 等级12时达到变化最大值，感应+17，生命力-4,0,1,0,0,900,1
6645000,[复仇者]提升生命力、耐力，但降低集中力,等级1时，生命力+1，耐力+1，集中力-1; 等级12时达到变化最大值，生命力+5，耐力+5，集中力-11,0,1,0,0,900,1
6645100,[复仇者]提升力气，但降低信仰,等级1时，力气+2，信仰-1; 等级12时达到变化最大值，力气+25，信仰-6,0,1,0,0,900,1
6646000,[隐士]提升生命力、耐力、灵巧，但降低智力、信仰,等级1时，生命力+1，耐力+1，灵巧+2，智力-1，信仰-1; 等级12时达到变化最大值，生命力+4，耐力+5，灵巧+20，智力-10，信仰-10,0,1,0,0,900,1
6646100,[隐士]提升智力、信仰，但降低集中力,等级1时，智力+2，信仰+2，集中力-2; 等级12时达到变化最大值，智力+12，信仰+12，集中力-13,0,1,0,0,900,1
6647000,[执行者]提升生命力、耐力，但降低感应,等级1时，生命力+1，耐力+1，感应-2; 等级12时达到变化最大值，生命力+5，耐力+6，感应-13,0,1,0,0,900,1
6647100,[执行者]提升灵巧、感应，但降低生命力,等级1时，灵巧+1，感应+1，生命力-1; 等级12时达到变化最大值，灵巧+12，感应+9，生命力-7,0,1,0,0,900,1
6647200,[学者]提升集中力，但降低生命力,等级1时，集中力+1，生命力-1等级12时达到变化最大值，集中力+9，生命力-3,0,1,0,0,900,1
6647300,[学者]提升耐力、灵巧，但降低智力、感应,等级1时，耐力+1，灵巧+6，智力-1，感应-5等级12时达到变化最大值，耐力+6，灵巧+40，智力-4，感应-20,0,1,0,0,900,1
6647400,[送葬者]提升灵巧，但降低生命力、信仰,等级1时，灵巧+2，生命力-1，信仰-2等级12时达到变化最大值，灵巧+19，生命力-5，信仰-13,0,1,0,0,900,1
6647500,[送葬者]提升集中力、信仰，但降低力气,等级1时，集中力+1，信仰+1，力气-2等级12时达到变化最大值，集中力+9，信仰+12，力气-15,0,1,0,0,900,1
6820000,受到损伤时，会累积中毒量表,受到伤害时，累积65点中毒值,0,0,0,1,6820000,6820000
6820100,受到损伤时，会累积猩红腐败量表,受到伤害时，累积55点腐败值,0,0,0,1,6820100,6820100
6820200,受到损伤时，会累积冻伤量表,受到伤害时，累积55点冻伤值,0,0,0,1,6820200,6820200
6820300,受到损伤时，会累积出血量表,受到伤害时，累积55点出血值,0,0,0,1,6820300,6820300
6820400,受到损伤时，会累积发狂量表,受到伤害时，累积50点发狂值,0,0,0,1,6820400,6820400
6820500,受到损伤时，会累积催眠量表,受到伤害时，累积50点睡眠值,0,0,0,1,6820500,6820500
6820600,受到损伤时，会累积死亡量表,受到伤害时，累积40点骤死值,0,0,0,1,6820600,6820600
6830000,降低力气、智力,力气-3，智力-3,0,0,0,1,6830000,6830000
6830100,降低灵巧、信仰,灵巧-3，信仰-3,0,0,0,1,6830100,6830100
6830200,降低智力、灵巧,智力-3，灵巧-3,0,0,0,1,6830200,6830200
6830300,降低信仰、力气,信仰-3，力气-3,0,0,0,1,6830300,6830300
6830400,降低生命力、感应,生命力-3，感应-3,0,0,0,1,6830400,6830400
6840000,减少获得的卢恩,获得的卢恩-10%，仅对击杀奖励有效,0,0,0,1,6840000,6840000
6840100,降低圣杯瓶恢复量,红露滴圣杯瓶-15%恢复量,0,0,0,1,6840100,6840100
6840200,降低绝招量表累积量,绝招量表累积速率-15%,0,0,0,1,6840200,6840200
6850200,降低对所有异常状态的抵抗力,中毒/猩红腐败/出血/冻伤/催眠/发狂/骤死异常耐受上限-80,0,0,0,1,6850200,8762000
6850500,持续减少血量,每秒减少2点生命值 (可以触发“受到损伤的当下，能通过攻击恢复部分血量”系列; 不能触发“受到损伤时……”系列;),0,0,0,1,6850500,8766000
6850700,闪避后的当下，受伤时损伤加剧,闪避后无敌帧结束的后摇，受到的伤害+45%,0,0,0,1,6850700,8800100
6850800,连续闪避时，降低减伤率,连续闪避时，受到的伤害+35%，效果持续15秒,0,0,0,1,6850800,8800200
6850900,使用圣杯瓶时，降低减伤率,使用圣杯瓶的动作中，受到的伤害+45%,0,0,0,1,6850900,8801000
6851200,血量没有全满时，降低攻击力,血量不满时，造成的伤害-8.5%,0,0,0,1,6851200,8810000
6851300,血量没有全满时，累积中毒量表,血量不满时，每1.3秒增加3点中毒值,0,0,0,1,6851300,8810300
6851400,血量没有全满时，累积猩红腐败量表,血量不满时，每1.3秒增加2点腐败值,0,0,0,1,6851400,8810400
6851700,濒死时，降低血量上限,濒死救活后，60秒内，生命值上限-25%,0,0,0,1,6851700,8831200
7000000,生命力+１,+1点生命力（固定+20点生命值上限）,1,0,0,0,7000000,1000
7000001,生命力+２,+2点生命力（固定+40点生命值上限）,1,0,0,0,7000000,1000
7000002,生命力+３,+3点生命力（固定+60点生命值上限）,1,0,0,0,7000000,1000
7000090,提升血量上限,+5点生命力（固定+100点生命值上限）,0,0,0,0,7000000,1
7000100,集中力+１,+1点集中力（固定+5点专注值上限）,1,0,0,0,7000100,1000
7000101,集中力+２,+2点集中力（固定+10点专注值上限）,1,0,0,0,7000100,1000
7000102,集中力+３,+3点集中力（固定+15点专注值上限）,1,0,0,0,7000100,1000
7000190,提升专注值上限,+5点集中力（固定+25点专注值上限）,0,0,0,0,7000100,1
7000200,耐力+１,+1点耐力（固定+2点精力值上限）,1,0,0,0,7000200,1000
7000201,耐力+２,+2点耐力（固定+4点精力值上限）,1,0,0,0,7000200,1000
7000202,耐力+３,+3点耐力（固定+6点精力值上限）,1,0,0,0,7000200,1000
7000290,提升精力上限,+5点耐力（固定+10点精力值上限）,0,0,0,0,7000200,1
7000300,力气+１,+1点力气,1,0,0,0,7000300,1000
7000301,力气+２,+2点力气,1,0,0,0,7000300,1000
7000302,力气+３,+3点力气,1,0,0,0,7000300,1000
7000400,灵巧+１,+1点灵巧,1,0,0,0,7000400,1000
7000401,灵巧+２,+2点灵巧,1,0,0,0,7000400,1000
7000402,灵巧+３,+3点灵巧,1,0,0,0,7000400,1000
7000500,智力+１,+1点智力,1,0,0,0,7000500,1000
7000501,智力+２,+2点智力,1,0,0,0,7000500,1000
7000502,智力+３,+3点智力,1,0,0,0,7000500,1000
7000600,信仰+１,+1点信仰,1,0,0,0,7000600,1000
7000601,信仰+２,+2点信仰,1,0,0,0,7000600,1000
7000602,信仰+３,+3点信仰,1,0,0,0,7000600,1000
7000700,感应+１,+1点感应,1,0,0,0,7000700,1000
7000701,感应+２,+2点感应,1,0,0,0,7000700,1000
7000702,感应+３,+3点感应,1,0,0,0,7000700,1000
7000800,缩短技艺的冷却时间+１,技艺冷却时间 -5%,1,0,0,0,7000800,1000
7000801,缩短技艺的冷却时间+２,技艺冷却时间 -7.5%,1,0,0,0,7000800,1000
7000802,缩短技艺的冷却时间+３,技艺冷却时间 -10%,1,0,0,0,7000800,1000
7000900,自然累积绝招量表 +１,绝招量表累积速率 +5%,1,0,0,0,7000900,1000
7000901,自然累积绝招量表 +２,绝招量表累积速率 +7.5%,1,0,0,0,7000900,1000
7000902,自然累积绝招量表 +３,绝招量表累积速率+10%,1,0,0,0,7000900,1000
7001000,强韧度+１,受到的韧性伤害 -5%,1,0,0,0,7001000,1000
7001001,强韧度+２,受到的韧性伤害 -10%,1,0,0,0,7001000,1000
7001002,强韧度+３,受到的韧性伤害 -15%,1,1,0,0,7001000,1000
7001100,HP Restoration,？？？,0,0,0,0,7001100,100
7001400,提升物理攻击力,物理攻击力 +4%,1,0,0,0,100,1000
7001401,提升物理攻击力 +１,物理攻击力 +5%,1,0,0,0,100,1000
7001402,提升物理攻击力 +２,物理攻击力 +6%,1,1,0,0,100,1000
7001409,Physical Attack Up +2,实际效果等于提升物理攻击力（4%）,0,0,0,0,-1,1000
7001500,提升魔力属性攻击力,魔力属性攻击力 +4.5%,1,0,0,0,100,1000
7001501,提升魔力属性攻击力 +１,魔力属性攻击力 +5.5%,1,0,0,0,100,1000
7001502,提升魔力属性攻击力 +２,魔力属性攻击力 +6.5%,1,1,0,0,100,1000
7001600,提升火属性攻击力,火属性攻击力 +4.5%,1,0,0,0,100,1000
7001601,提升火属性攻击力 +１,火属性攻击力 +5.5%,1,0,0,0,100,1000
7001602,提升火属性攻击力 +２,火属性攻击力 +6.5%,1,1,0,0,100,1000
7001700,提升雷属性攻击力,雷属性攻击力 +4.5%,1,0,0,0,100,1000
7001701,提升雷属性攻击力 +１,雷属性攻击力 +5.5%,1,0,0,0,100,1000
7001702,提升雷属性攻击力 +２,雷属性攻击力 +6.5%,1,1,0,0,100,1000
7001800,提升圣属性攻击力,圣属性攻击力 +4.5%,1,0,0,0,100,1000
7001801,提升圣属性攻击力 +１,圣属性攻击力 +5.5%,1,0,0,0,100,1000
7001802,提升圣属性攻击力 +２,圣属性攻击力 +6.5%,1,1,0,0,100,1000
7002600,提升魔力属性减伤率,受到的魔力属性伤害 -10%,1,1,0,0,7002600,1000
7002700,提升火属性减伤率,受到的火属性伤害 -10%,1,1,0,0,7002700,1000
7002800,提升雷属性减伤率,受到的雷属性伤害 -10%,1,1,0,0,7002800,1000
7002900,提升圣属性减伤率,受到的圣属性伤害 -10%,1,1,0,0,7002900,1000
7003000,提升对中毒的抵抗力,+75点中毒异常耐受上限,1,1,0,0,7003000,1000
7003100,提升对出血的抵抗力,+75点出血异常耐受上限,1,1,0,0,7003100,1000
7003200,提升对催眠的抵抗力,+75点催眠异常耐受上限,1,1,0,0,7003200,1000
7003300,提升对死亡的抵抗力,+75点死亡异常耐受上限,1,1,0,0,7003300,1000
7003400,提升对猩红腐败的抵抗力,+75点猩红腐败异常耐受上限,1,1,0,0,7003400,1000
7003500,提升对冻伤的抵抗力,+75点冻伤异常耐受上限,1,1,0,0,7003500,1000
7003600,提升对发狂的抵抗力,+75点发狂异常耐受上限,1,1,0,0,7003600,1000
7005600,受到损伤的当下，能通过攻击恢复部分血量,° 最近一次被攻击的4s内，可通过攻击恢复这部分虚血° 每次攻击的恢复量 = 武器基础回血量 × 动作回血倍率,1,1,0,0,7005600,100
7006000,提升双手共持时，造成失去平衡的能力,双手共持时，造成的削韧 +5%,1,0,0,0,100,100
7006001,Improved Stance-Breaking when Two-Handing,不合法,0,0,0,0,7006001,100
7006100,提升双手各持时，造成失去平衡的能力,双手各持时，造成的削韧 +5%,1,0,0,0,100,100
7006101,Improved Stance-Breaking when Wielding Two Armaments,不合法,0,0,0,0,7006101,100
7006200,Improved Physical Damage Negation,不合法,0,0,0,0,7006200,1000
7006300,Improved Affinity Damage Negation,不合法,0,0,0,0,-1,1
7006400,【单眼镜的皮革袋】延长魔法、祷告的有效时间,延长魔法、祷告的有效时间 (延长50%，向下取整),0,0,0,0,-1,1
7006500,【安定者的遗志】持续恢复专注值,每5秒恢复1点专注值,0,0,0,0,-1,-1
7006600,【安定的遗志/安定者的遗志】提升近战攻击力,近战攻击造成的伤害 +6% (包括近战武器打出的弹道型远程战技),0,0,0,0,-1,-1
7006700,【安定的遗志/安定者的遗志】提升战技攻击力,战技造成的伤害 +15%,0,0,0,0,-1,-1
7010200,使用圣杯瓶时，连同恢复周围我方人物,,1,1,0,0,7010200,100
7010500,[追踪者]发动绝招时，能燃起火焰、蔓延周围,,1,0,0,0,900,1
7010700,[女爵]以短剑使出连续攻击时，能对着周围的敌人，再次上演最近做过的行动,女爵用短剑连续攻击，用出整套动作最后一下时触发重演，重演造成连续攻击过程中伤害的40%,1,0,0,0,900,1
7010900,[复仇者]发动绝招时，能以自己的血量为代价完全恢复我方人物的血量,扣除自身最大生命值的 50%，恢复周围友军最大生命值的 100%,1,0,0,0,900,1
7011000,[守护者]延长技艺的有效时间,技艺从单次伤害变为，不蓄力持续4秒，蓄力持续7秒,1,0,0,0,900,1
7011200,[复仇者]发动绝招时，能引发灵火爆炸,,1,0,0,0,900,1
7011600,[守护者]以戟蓄力攻击时，能引发旋风,,1,0,0,0,900,1
7011700,[执行者]在绝招发动期间，能以咆哮恢复血量,恢复最大生命值的 15%，内置0.9秒冷却时间,1,0,0,0,900,1
7012000,[守护者]发动绝招时，能缓慢恢复周围我方人物的血量,每秒恢复[最大生命值 × 10% + 12]点血量,1,0,0,0,900,1
7012200,血量偏低时，包含周围我方人物缓慢恢复血量,生命值量小于40%时，50秒内，每秒恢复[最大生命值 × 0.5% + 1]点血量，内置50秒冷却时间,1,1,0,0,7012200,100
7012300,血量偏低时，能提升减伤率,生命值量小于40%时，受到的伤害 -16%,1,1,0,0,7012300,100
7020000,[追踪者]发动技艺时，轻攻击能使出缠绕火焰的追加攻击（仅限大剑）,使用技艺后用大剑进行轻攻击，武器+20点火属性攻击力，持续20秒,1,0,0,0,900,1
7030000,身在图腾碑石周围时，能提升强韧度,° 无赖释放图腾石碑时，本buff会赋予给石碑周围的玩家° 获得buff的玩家受到的韧性伤害 -90%，内置30秒冷却时间,1,0,0,0,900,1
7030200,食用苔药等等道具时，能恢复血量,使用对应道具后立即回复20点血量，然后每秒回复[最大生命值 × 0.5% + 1]点血量，持续20秒,1,1,0,0,7030200,100
7030600,防御成功时，能累积绝招量表,绝招量表 +1,1,1,0,0,7030600,100
7030700,防御时，变得容易被敌人攻击,仇恨+9，松开后持续4s ,1,1,0,0,7030700,100
7030800,使出致命一击时，加快累积绝招量表,绝招量表 +5,1,1,0,0,7030800,100
7030900,涂抹油脂类道具时，能额外提升物理攻击力,30秒内，增加物理伤害 +10%,1,1,0,0,100,100
7031200,[复仇者]发动绝招时，能强化家人与我方人物,30秒内，造成的伤害 +25%,1,0,0,0,900,1
7031300,[无赖]在技艺发动期间，受到攻击时能提升攻击力与精力上限,20秒内，最大精力值 +20%，造成的伤害 +10%,1,0,0,0,900,1
7031800,[女爵]从背后使出致命一击后，自己的身影会变得难以辨识，并消除脚步声,10秒内，敌人靠视觉发现你的概率变为0.01%，敌人靠听觉发现你的概率变为0,1,0,0,0,900,1
7031900,使出致命一击时，能获得卢恩,+600卢恩,1,1,0,0,7031900,101
7032200,受到攻击时，能提升攻击力,10秒内，造成的伤害 +15%,1,0,0,0,100,100
7032400,[追踪者]发动能力时，能累积绝招量表,绝招量表 +18,1,0,0,0,900,1
7032700,[女爵]在绝招发动期间，打倒敌人时能提升攻击力,° 在隐身的12.5秒内，击杀敌人会叠加层数，每层增伤15%，持续30s ° 每层独立计时，上限30层（如层数为3时增伤计算：1.15*1.15*1.15 ≈ 1.52，增伤52%）,1,0,0,0,900,1
7032800,[隐士]收集属性痕时，能触发“魔法之境”,产生持续30秒的“魔法之境”，在周围的玩家造成的魔力属性伤害 +15%,1,0,0,0,900,1
7032900,[隐士]发动绝招时，自己陷入异常状态出血，提升攻击力,引发特殊的出血异常，固定扣除自身[最大生命值 × 20%]点血量，造成的伤害 +16%，持续30秒,1,0,0,0,900,1
7033200,[追踪者]技艺的使用次数+１,,1,0,0,0,900,1
7033400,[守护者]在能力发动期间，防御成功时能形成冲击波,造成[固定100点 + 0.12%最大生命值]的物理伤害，5点削韧，3号冲击力,1,0,0,0,900,1
7034100,[隐士]发动绝招时，能提升血量上限,30秒内，提升生命值上限50%,1,0,0,0,900,1
7034400,[执行者]提升技艺发动期间的攻击力，但攻击时会降低减伤率,发动技艺期间，buff:攻击力提升35%; debuff:每次攻击后会降低减伤率40%，持续5s，攻击会持续刷新debuff,1,0,0,0,900,1
7034500,[执行者]在技艺发动期间，妖刀进入解放状态时，能恢复血量,回复[最大生命值 × 5% + 100]点血量,1,0,0,0,900,1
7034600,[铁之眼]蓄力发动绝招时，附加异常状态中毒,附带300点中毒值，造成中毒异常，每秒扣除敌人[最大生命值 × 0.1% + 10]点血量，持续40秒,1,0,0,0,900,1
7034700,[铁之眼]发动绝招后，强化突刺反击,30秒内，触发突刺反击时，造成的物理伤害 +20%,1,0,0,0,900,1
7035100,使出致命一击时，能提升精力的恢复速度,15秒内，精力回复速度 +10点/秒,1,1,0,0,7035100,100
7035400,通过肢体动作“盘腿坐”，能累积发狂量表,每2秒 +10点发狂值。 触发发狂异常时，扣除[最大生命值 × 10% + 100]点血量，固定扣除30点专注值，造成2.4秒发狂硬直,0,0,0,0,7035400,100
7035410,Gesture "Crossed Legs" Builds Up Madness,,0,0,0,0,7035410,100
7035500,引发异常状态发狂后，能持续恢复专注值,引发发狂异常后，25秒内，每0.5秒回复1点专注值,0,0,0,0,7035500,100
7035510,Madness Continually Recovers FP,,0,0,0,0,7035510,100
7035700,切换武器时，能附加随机的属性攻击力,10秒内，增加随机属性的攻击力 +20,0,0,0,0,7035700,1
7035800,附加属性攻击力时，能提升属性攻击力,魔力/火/雷/圣属性伤害 +10%（本词条不能加成魔法/祷告）,0,0,0,0,7035800,10
7035900,切换武器时，能提升物理攻击力,10秒内，物理攻击力 +10%,0,0,0,0,100,100
7036000,FP Restoration upon Successive Attacks,,0,0,0,0,7036000,1
7036100,防御成功时，恢复血量,固定回复15点生命值,1,1,0,0,7036100,1
7036200,[学者]减缓技艺进行率的下降幅度,技艺进行率的下降幅度 -30,1,0,0,0,900,1
7036300,[学者]使用技艺时，提升目标我方人物的攻击力,30秒内，目标友方单位造成的物理伤害 +20%，造成的魔力/火/雷/圣属性伤害 +15% (学者自身无法享受这个效果，仅增益队友),1,0,0,0,900,1
7036400,[学者]对上已用绝招连结的敌人，持续给予伤害,° 对于每个被连接的敌人，每秒固定扣除15点生命值，持续20秒° 扣血效果可在敌人之间传递，连接的敌人越多效果越强,1,0,0,0,900,1
7036500,[学者]每次使用技艺增加样本，能获得卢恩,° 每次用技艺观察不同种类的敌人时，+1300点卢恩° 同一对局内，同种敌人只能触发一次该效果,1,0,0,0,900,1
7036800,[送葬者]发动绝招时，提升攻击力,发动绝招时，造成的伤害+18%，持续40秒,1,0,0,0,900,1
7036900,[送葬者]连击的最后攻击命中时，提升攻击力,最后攻击命中时，造成的伤害+16%，持续20秒,1,0,0,0,900,1
7037000,[送葬者]使用祷告将辅助效果附加在自己身上时，提升物理攻击力,物理攻击力+19%，持续60秒,1,0,0,0,900,1
7037300,[送葬者]发动绝招时，恢复触碰到的我方人物的血量,绝招触碰到的友方单位，固定回复[最大生命值 × 30% + 100]点血量,1,0,0,0,900,1
7037600,【玻璃项链】连续攻击时，提升攻击力,根据连续攻击累积值增加伤害 ° 共有4个阶段 [5%/6.5%/9%/15%] ° 持续时间 [1-3阶段1.5秒，4阶段0秒] ° 每个等级buff互相独立计算持续时间和增伤,0,0,0,0,-1,-1
7037700,【废弃物之夜】出现异常状态量表时，能缓慢提升攻击力,根据异常值存在的时间，逐步提升增加的伤害  ° 共有10个阶段[3.5%/7%/11%/15.5%/20%/25%/30%/35%/40%/45%]  ° 当人物进入任意异常状态时，就会进入阶段1(增伤3.5%)，之后每20秒会进行一次判定，如果判定时异常状态仍然存在，则会提升到下一个阶段  ° 阶段的提升与异常状态是否触发、异常条本身的进度以及长短无关  ° 如果在判定间隔之间异常状态消失，但随后又出现，不会导致阶段重置,0,0,0,0,-1,-1
7037800,【安定的遗志】减伤率降低时，偶尔会让敌人攻击失效,° 当玩家减伤率降低时，有20%概率让敌人攻击失效° 该效果会随任意减伤率降低buff一同出现和消失° 攻击失效时，玩家会受到1点伤害，会累积异常条，但不会硬直,0,0,0,0,-1,-1
7040000,强化轻攻击的第一记攻击,轻击第一下造成的伤害 +15%,1,1,0,0,100,100
7040100,强化防御反击,防御反击造成的伤害 +18%,1,1,0,0,100,100
7040200,强化致命一击,致命一击造成的伤害 +18%,1,1,0,0,100,100
7040201,强化致命一击+１ (爵的黑夜),致命一击造成的伤害 +20%,0,0,0,0,7040201,1
7040300,提升投掷壶的攻击力,投掷壶造成的伤害 +15%,1,1,0,0,7040300,100
7040400,提升投掷小刀的攻击力,投投掷小刀造成的伤害 +15%,1,1,0,0,7040400,100
7040500,提升使用辉石、重力石道具的攻击力,投投掷石头造成的伤害 +15%,1,1,0,0,7040500,100
7043000,强化咆哮与吐息,咆哮与吐息造成的伤害 +12%,1,0,0,0,100,100
7043100,强化调香术,调香术造成的伤害 +12%,1,1,0,0,7043100,100
7043200,强化挖石的魔法,挖石的魔法造成的伤害 +12%,1,1,0,0,800,100
7043300,强化卡利亚剑的魔法,卡利亚剑的魔法造成的伤害 +12%,1,1,0,0,800,100
7043400,强化辉剑的魔法,辉剑的魔法造成的伤害 +12%,1,1,0,0,800,100
7043500,强化隐形的魔法,隐形的魔法造成的伤害 +12%,1,1,0,0,800,100
7043600,强化结晶人的魔法,结晶人的魔法造成的伤害 +12%,1,1,0,0,800,100
7043700,强化重力的魔法,重力的魔法造成的伤害 +12%,1,1,0,0,800,100
7043800,强化荆棘的魔法,荆棘的魔法造成的伤害 +12%,1,1,0,0,800,100
7044000,强化黄金律法基本主义的祷告,黄金律法基本主义的祷告造成的伤害 +12%,1,1,0,0,800,100
7044100,强化王城古龙信仰的祷告,王城古龙信仰的祷告造成的伤害 +12%,1,1,0,0,800,100
7044200,强化巨人火焰的祷告,巨人火焰的祷告造成的伤害 +12%,1,1,0,0,800,100
7044300,强化狩猎神祇的祷告,狩猎神祇的祷告造成的伤害 +12%,1,1,0,0,800,100
7044400,强化野兽的祷告,野兽的祷告造成的伤害 +12%,1,1,0,0,800,100
7044500,强化癫火的祷告,癫火的祷告造成的伤害 +12%,1,1,0,0,800,100
7044600,强化龙飨的祷告,龙飨的祷告造成的伤害 +12%,1,1,0,0,800,100
7050000,不包含自己，提升周围我方人物的精力恢复速度,周围友方人物但不包括自己，精力恢复速度+4点/秒,1,1,0,0,7050000,100
7050100,道具效用能扩及我方人物,,1,1,0,0,7050100,100
7060000,每次打倒封印监牢里的囚犯，能提升攻击力,造成的伤害每次 +5%，局内无限成长,1,0,0,0,100,100
7060100,每次解开魔法师塔的机关，能提升专注值上限,专注值上限每次 +18%，局内无限成长,1,0,0,0,7060100,100
7060200,每次打倒黑夜入侵者，能提升攻击力,造成的伤害每次 +7%，局内无限成长,1,0,0,0,100,100
7070000,能显示地图上隐藏宝藏的位置,,1,1,0,0,7070000,100
7080000,装备三把以上类别为短剑的武器，能提升攻击力,造成的伤害 +20%，指定放在背包里就可生效，用别的武器也可增伤,1,1,0,0,100,10
7080100,装备三把以上类别为直剑的武器，能提升攻击力,造成的伤害 +20%，指定放在背包里就可生效，用别的武器也可增伤,1,1,0,0,100,10
7080200,装备三把以上类别为大剑的武器，能提升攻击力,造成的伤害 +20%，指定放在背包里就可生效，用别的武器也可增伤,1,1,0,0,100,10
7080300,装备三把以上类别为特大剑的武器，能提升攻击力,造成的伤害 +20%，指定放在背包里就可生效，用别的武器也可增伤,1,1,0,0,100,10
7080400,装备三把以上类别为曲剑的武器，能提升攻击力,造成的伤害 +20%，指定放在背包里就可生效，用别的武器也可增伤,1,1,0,0,100,10
7080500,装备三把以上类别为大曲剑的武器，能提升攻击力,造成的伤害 +20%，指定放在背包里就可生效，用别的武器也可增伤,1,1,0,0,100,10
7080600,装备三把以上类别为刀的武器，能提升攻击力,造成的伤害 +20%，指定放在背包里就可生效，用别的武器也可增伤,1,1,0,0,100,10
7080700,装备三把以上类别为双头剑的武器，能提升攻击力,造成的伤害 +20%，指定放在背包里就可生效，用别的武器也可增伤,1,1,0,0,100,10
7080800,装备三把以上类别为刺剑的武器，能提升攻击力,造成的伤害 +20%，指定放在背包里就可生效，用别的武器也可增伤,1,1,0,0,100,10
7080900,装备三把以上类别为重刺剑的武器，能提升攻击力,造成的伤害 +20%，指定放在背包里就可生效，用别的武器也可增伤,1,1,0,0,100,10
7081000,装备三把以上类别为斧的武器，能提升攻击力,造成的伤害 +20%，指定放在背包里就可生效，用别的武器也可增伤,1,1,0,0,100,10
7081100,装备三把以上类别为大斧的武器，能提升攻击力,造成的伤害 +20%，指定放在背包里就可生效，用别的武器也可增伤,1,1,0,0,100,10
7081200,装备三把以上类别为槌的武器，能提升攻击力,造成的伤害 +20%，指定放在背包里就可生效，用别的武器也可增伤,1,1,0,0,100,10
7081300,装备三把以上类别为大槌的武器，能提升攻击力,造成的伤害 +20%，指定放在背包里就可生效，用别的武器也可增伤,1,1,0,0,100,10
7081400,装备三把以上类别为连枷的武器，能提升攻击力,造成的伤害 +20%，指定放在背包里就可生效，用别的武器也可增伤,1,1,0,0,100,10
7081500,装备三把以上类别为矛的武器，能提升攻击力,造成的伤害 +20%，指定放在背包里就可生效，用别的武器也可增伤,1,1,0,0,100,10
7081700,装备三把以上类别为大矛的武器，能提升攻击力,造成的伤害 +20%，指定放在背包里就可生效，用别的武器也可增伤,1,1,0,0,100,10
7081800,装备三把以上类别为戟的武器，能提升攻击力,造成的伤害 +20%，指定放在背包里就可生效，用别的武器也可增伤,1,1,0,0,100,10
7081900,装备三把以上类别为镰刀的武器，能提升攻击力,造成的伤害 +20%，指定放在背包里就可生效，用别的武器也可增伤,1,1,0,0,100,10
7082000,装备三把以上类别为拳头的武器，能提升攻击力,造成的伤害 +20%，指定放在背包里就可生效，用别的武器也可增伤,1,1,0,0,100,10
7082100,装备三把以上类别为钩爪的武器，能提升攻击力,造成的伤害 +20%，指定放在背包里就可生效，用别的武器也可增伤,1,1,0,0,100,10
7082200,装备三把以上类别为软鞭的武器，能提升攻击力,造成的伤害 +20%，指定放在背包里就可生效，用别的武器也可增伤,1,1,0,0,100,10
7082300,装备三把以上类别为特大武器的武器，能提升攻击力,造成的伤害 +20%，指定放在背包里就可生效，用别的武器也可增伤,1,1,0,0,100,10
7082400,装备三把以上类别为弓的武器，能提升攻击力,造成的伤害 +10%，指定放在背包里就可生效，用别的武器也可增伤,1,1,0,0,100,10
7082500,装备三把以上类别为手杖的武器，能提升专注值上限,+10点集中力（固定+50点专注值上限）,1,1,0,0,7082500,10
7082600,装备三把以上类别为圣印记的武器，能提升专注值上限,+10点集中力（固定+50点专注值上限）,1,1,0,0,7082500,10
7082700,装备三把以上类别为小盾的武器，能提升血量上限,+10点生命力（固定+200点生命值上限）,1,1,0,0,7082700,10
7082800,装备三把以上类别为中盾的武器，能提升血量上限,+10点生命力（固定+200点生命值上限）,1,1,0,0,7082700,10
7082900,装备三把以上类别为大盾的武器，能提升血量上限,+10点生命力（固定+200点生命值上限）,1,1,0,0,7082700,10
7090000,提升打倒敌人时，绝招量表的累积量表,绝招量表 +5,1,1,0,0,7090000,100
7090100,打倒敌人时，除了自己恢复周围我方人物的血量,固定回复20点血量，有0.5秒内置冷却时间,1,1,0,0,7090100,100
7090300,在图腾碑石周围打倒敌人时，能恢复血量,° 无赖释放图腾石碑时，本buff会和石碑增伤buff同时赋予给石碑周围的玩家° 获得buff的玩家每击杀一个敌人回复[最大生命值 × 50%]点血量，持续20秒,1,0,0,0,900,1
7100100,攻击命中时，能恢复精力,攻击成功时，+2点精力值,1,1,0,0,7100100,100
7100110,攻击成功时，能恢复精力+１ (野兽的黑夜),攻击成功时，+3点精力值,0,0,0,0,7100110,1
7110000,增加自己与我方人物获得的卢恩,获得的卢恩+3.5%，仅对击杀奖励有效，全队有效,1,1,0,0,7110000,100
7120000,出击时的武器，附加魔力属性攻击力,根据武器类型降低物理攻击力30/40/50/60，并增加魔力属性攻击力33/44/55/66,1,0,0,0,200,100
7120100,出击时的武器，附加火属性攻击力,根据武器类型降低物理攻击力30/40/50/60，并增加火属性攻击力33/44/55/66,1,0,0,0,200,100
7120200,出击时的武器，附加雷属性攻击力,根据武器类型降低物理攻击力30/40/50/60，并增加雷属性攻击力33/44/55/66,1,0,0,0,200,100
7120300,出击时的武器，附加圣属性攻击力,根据武器类型降低物理攻击力30/40/50/60，并增加圣属性攻击力33/44/55/66,1,0,0,0,200,100
7120400,出击时的武器，附加异常状态冻伤,° 附带35点基础冻伤值，武器造成的伤害 -15%° 冻伤：扣除敌人最大生命值 × 10% + 50，30秒内，玩家造成的伤害 +15%,1,0,0,0,200,100
7120500,出击时的武器，附加异常状态中毒,° 附带35点基础中毒值，武器造成的伤害 -15%° 中毒：每秒扣除敌人[最大生命值 × 0.1% + 10]点血量，持续40秒,1,0,0,0,200,100
7120600,出击时的武器，附加异常状态出血,° 附带25点基础出血值，武器造成的伤害 -15%° 出血：扣除敌人[最大生命值 × 12.5% + 100]点血量,1,0,0,0,200,100
7120900,出击时，会持有“石剑钥匙”,,1,1,0,0,7120900,100
7121000,出击时，会持有“小型随身包包”,,1,1,0,0,7121000,100
7121001,Small Pouch in possession at start of expedition,,0,0,0,0,7121001,100
7121100,出击时，会持有“火焰壶”,,1,0,0,0,7121100,100
7121200,出击时，会持有“魔力壶”,,1,0,0,0,7121200,100
7121300,出击时，会持有“雷电壶”,,1,0,0,0,7121300,100
7121400,出击时，会持有“圣水壶”,,1,0,0,0,7121400,100
7121500,出击时，会持有“兽骨毒飞刀”,,1,0,0,0,7121500,100
7121600,出击时，会持有“结晶飞刀”,,1,0,0,0,7121600,100
7121700,出击时，会持有“投掷匕首”,,1,0,0,0,7121700,100
7121800,出击时，会持有“崩裂辉石”,,1,0,0,0,7121800,100
7121900,出击时，会持有“块状重力石”,,1,0,0,0,7121900,100
7122000,出击时，会持有“魅惑树枝”,,1,0,0,0,7122000,100
7122100,出击时，会持有“召咒魂铃”,,1,0,0,0,7122100,100
7122200,出击时，会持有“火油脂”,,1,0,0,0,7122200,100
7122300,出击时，会持有“魔力油脂”,,1,0,0,0,7122300,100
7122400,出击时，会持有“雷油脂”,,1,0,0,0,7122400,100
7122500,出击时，会持有“圣油脂”,,1,0,0,0,7122500,100
7122600,出击时，会持有“坚盾油脂”,,1,0,0,0,7122600,100
7122700,出击时，武器战技改为“辉剑圆阵”,,1,0,0,0,300,100
7122800,出击时，武器战技改为“重力”,,1,0,0,0,300,100
7122900,出击时，武器战技改为“炎击”,,1,0,0,0,300,100
7123000,出击时，武器战技改为“熔岩火浆”,,1,0,0,0,300,100
7123100,出击时，武器战技改为“落雷”,,1,0,0,0,300,100
7123200,出击时，武器战技改为“雷击斩”,,1,0,0,0,300,100
7123300,出击时，武器战技改为“神圣刀刃”,,1,0,0,0,300,100
7123400,出击时，武器战技改为“祈祷一击”,,1,0,0,0,300,100
7123500,出击时，武器战技改为“毒雾”,,1,0,0,0,300,100
7123600,出击时，武器战技改为“双吻毒蛾”,,1,0,0,0,300,100
7123700,出击时，武器战技改为“血刃”,,1,0,0,0,300,100
7123800,出击时，武器战技改为“切腹”,,1,0,0,0,300,100
7123900,出击时，武器战技改为“寒气冻雾”,,1,0,0,0,300,100
7124000,出击时，武器战技改为“冻霜踏地”,,1,0,0,0,300,100
7124100,出击时，武器战技改为“白影诱惑”,,1,0,0,0,300,100
7124300,出击时，武器战技改为“忍耐”,,1,0,0,0,300,100
7124400,出击时，武器战技改为“碎步”,,1,0,0,0,300,100
7124500,出击时，武器战技改为“风暴足”,,1,0,0,0,300,100
7124600,出击时，武器战技改为“决心”,,1,0,0,0,300,100
7124700,出击时，武器战技改为“箭雨”,,1,0,0,0,300,100
7126000,出击时，会持有“星光碎片”,,1,0,0,0,7126000,100
7126001,Starlight Shards in possession at start of expedition,,0,0,0,0,7126001,100
7126002,Starlight Shards in possession at start of expedition,,0,0,0,0,7126002,100
7150000,防御反击成功时，能依照自己目前的血量提升伤害,提升防御反击伤害，提升数值为人物最大生命值的 5%,1,1,0,0,100,100
7160000,突刺反击成功时，能恢复血量,触发突刺反击时，回复人物最大生命值 × 2.5% (突刺反击本身的物理伤害增益为10%),1,1,0,0,7160000,100
7170100,【废弃物之夜】受到损伤时，附加异常状态腐败,° 受到敌人攻击后，武器附魔25点腐败值，持续12秒° 猩红腐败：40秒内，每1.3秒扣除敌人[最大生命值 × 0.15% + 15]点血量,0,0,0,0,-1,-1
7220000,[复仇者] 【复仇者】与家人并肩战斗期间，能强化自身,召唤家人时激活不同的增益效果:  ° 海伦：玩家每秒回复1点生命值 ° 弗雷德利克：玩家造成的伤害 +10% ° 塞巴斯蒂安：玩家受到的魔力/火/雷/圣属性伤害 -20%,1,0,0,0,900,1
7230000,在出击期间，减少于商店购物时所需的卢恩,物品出售价格-10%,1,1,0,0,7230000,100
7230001,在出击期间，大幅减少于商店购物时所需的卢恩,物品出售价格-20%,0,0,0,0,7230001,1
7240000,受到损伤并被弹飞时，能提升强韧度与减伤率,玩家被击飞时，20秒内，受到的伤害 -20%，受到的韧性伤害 -20%,1,1,0,0,7240000,100
7260000,对陷入中毒的敌人，能强化攻击,对中毒的敌人造成的伤害 +10%,1,1,0,0,7260300,100
7260300,对陷入猩红腐败的敌人，能强化攻击,对猩红腐败的敌人造成的伤害 +10%,1,1,0,0,7260300,100
7260400,对陷入冻伤的敌人，能强化攻击,对冻伤的敌人造成的伤害 +10%,1,1,0,0,7260400,100
7260700,周围人物陷入异常状态冻伤时，能隐藏自己的身影,隐身时间为5秒,0,0,0,0,7260700,1
7260800,周围人物陷入中毒、腐败时，能提升攻击力 (智的黑夜),20秒内，玩家造成的伤害 +12%,0,0,0,0,7260800,100
7260900,【废弃物之夜】周围陷入腐败时，持续恢复血量,周围人物陷入异常状态猩红腐败时，每1.3秒回复[最大生命值 × 0.15% + 15]点血量，持续15秒,0,0,0,0,-1,-1
7270100,[铁之眼]技艺的使用次数+１,,1,0,0,0,900,1
7280000,[铁之眼]延长弱点显露的时间,标记存在时间从17变为22秒,1,0,0,0,900,1
7290000,[女爵]提升技艺造成的伤害,重演从50%伤害变为60%,1,0,0,0,900,1
7310000,[无赖]延长绝招的有效时间,墓碑存在时间从20秒变为30秒,1,0,0,0,900,1
7330000,提升短剑的攻击力,造成的伤害 +9%,1,1,0,0,100,10
7330100,提升直剑的攻击力,造成的伤害 +9%,1,1,0,0,100,10
7330200,提升大剑的攻击力,造成的伤害 +9%,1,1,0,0,100,10
7330300,提升特大剑的攻击力,造成的伤害 +9%,1,1,0,0,100,10
7330400,提升曲剑的攻击力,造成的伤害 +9%,1,1,0,0,100,10
7330500,提升大曲剑的攻击力,造成的伤害 +9%,1,1,0,0,100,10
7330600,提升刀的攻击力,造成的伤害 +9%,1,1,0,0,100,10
7330700,提升双头剑的攻击力,造成的伤害 +9%,1,1,0,0,100,10
7330800,提升刺剑的攻击力,造成的伤害 +9%,1,1,0,0,100,10
7330900,提升重刺剑的攻击力,造成的伤害 +9%,1,1,0,0,100,10
7331000,提升斧的攻击力,造成的伤害 +9%,1,1,0,0,100,10
7331100,提升大斧的攻击力,造成的伤害 +9%,1,1,0,0,100,10
7331200,提升槌的攻击力,造成的伤害 +9%,1,1,0,0,100,10
7331300,提升大槌的攻击力,造成的伤害 +9%,1,1,0,0,100,10
7331400,提升连枷的攻击力,造成的伤害 +9%,1,1,0,0,100,10
7331500,提升矛的攻击力,造成的伤害 +9%,1,1,0,0,100,10
7331700,提升大矛的攻击力,造成的伤害 +9%,1,1,0,0,100,10
7331800,提升戟的攻击力,造成的伤害 +9%,1,1,0,0,100,10
7331900,提升镰刀的攻击力,造成的伤害 +9%,1,1,0,0,100,10
7332000,提升拳头的攻击力,造成的伤害 +9%,1,1,0,0,100,10
7332100,提升钩爪的攻击力,造成的伤害 +9%,1,1,0,0,100,10
7332200,提升软鞭的攻击力,造成的伤害 +9%,1,1,0,0,100,10
7332300,提升特大武器的攻击力,造成的伤害 +9%,1,1,0,0,100,10
7332400,提升弓的攻击力,造成的伤害 +6%,1,1,0,0,100,10
7340000,以短剑攻击时，恢复血量,固定回复15点生命值,1,1,0,0,7340000,10
7340100,以直剑攻击时，恢复血量,固定回复15点生命值,1,1,0,0,7340000,10
7340200,以大剑攻击时，恢复血量,固定回复15点生命值,1,1,0,0,7340000,10
7340300,以特大剑攻击时，恢复血量,固定回复15点生命值,1,1,0,0,7340000,10
7340400,以曲剑攻击时，恢复血量,固定回复15点生命值,1,1,0,0,7340000,10
7340500,以大曲剑攻击时，恢复血量,固定回复15点生命值,1,1,0,0,7340000,10
7340600,以刀攻击时，恢复血量,固定回复15点生命值,1,1,0,0,7340000,10
7340700,以双头剑攻击时，恢复血量,固定回复15点生命值,1,1,0,0,7340000,10
7340800,以刺剑攻击时，恢复血量,固定回复15点生命值,1,1,0,0,7340000,10
7340900,以重刺剑攻击时，恢复血量,固定回复15点生命值,1,1,0,0,7340000,10
7341000,以斧攻击时，恢复血量,固定回复15点生命值,1,1,0,0,7340000,10
7341100,以大斧攻击时，恢复血量,固定回复15点生命值,1,1,0,0,7340000,10
7341200,以槌攻击时，恢复血量,固定回复15点生命值,1,1,0,0,7340000,10
7341300,以大槌攻击时，恢复血量,固定回复15点生命值,1,1,0,0,7340000,10
7341400,以连枷攻击时，恢复血量,固定回复15点生命值,1,1,0,0,7340000,10
7341500,以矛攻击时，恢复血量,固定回复15点生命值,1,1,0,0,7340000,10
7341700,以大矛攻击时，恢复血量,固定回复15点生命值,1,1,0,0,7340000,10
7341800,以戟攻击时，恢复血量,固定回复15点生命值,1,1,0,0,7340000,10
7341900,以镰刀攻击时，恢复血量,固定回复15点生命值,1,1,0,0,7340000,10
7342000,以拳头攻击时，恢复血量,固定回复15点生命值,1,1,0,0,7340000,10
7342100,以钩爪攻击时，恢复血量,固定回复15点生命值,1,1,0,0,7340000,10
7342200,以软鞭攻击时，恢复血量,固定回复15点生命值,1,1,0,0,7340000,10
7342300,以特大武器攻击时，恢复血量,固定回复15点生命值,1,1,0,0,7340000,10
7342400,以弓攻击时，恢复血量,固定回复15点生命值,1,1,0,0,7340000,10
7350000,以短剑攻击时，恢复专注值,固定回复2点专注值,1,1,0,0,7350000,10
7350100,以直剑攻击时，恢复专注值,固定回复2点专注值,1,1,0,0,7350000,10
7350200,以大剑攻击时，恢复专注值,固定回复2点专注值,1,1,0,0,7350000,10
7350300,以特大剑攻击时，恢复专注值,固定回复2点专注值,1,1,0,0,7350000,10
7350400,以曲剑攻击时，恢复专注值,固定回复2点专注值,1,1,0,0,7350000,10
7350500,以大曲剑攻击时，恢复专注值,固定回复2点专注值,1,1,0,0,7350000,10
7350600,以刀攻击时，恢复专注值,固定回复2点专注值,1,1,0,0,7350000,10
7350700,以双头剑攻击时，恢复专注值,固定回复2点专注值,1,1,0,0,7350000,10
7350800,以刺剑攻击时，恢复专注值,固定回复2点专注值,1,1,0,0,7350000,10
7350900,以重刺剑攻击时，恢复专注值,固定回复2点专注值,1,1,0,0,7350000,10
7351000,以斧攻击时，恢复专注值,固定回复2点专注值,1,1,0,0,7350000,10
7351100,以大斧攻击时，恢复专注值,固定回复2点专注值,1,1,0,0,7350000,10
7351200,以槌攻击时，恢复专注值,固定回复2点专注值,1,1,0,0,7350000,10
7351300,以大槌攻击时，恢复专注值,固定回复2点专注值,1,1,0,0,7350000,10
7351400,以连枷攻击时，恢复专注值,固定回复2点专注值,1,1,0,0,7350000,10
7351500,以矛攻击时，恢复专注值,固定回复2点专注值,1,1,0,0,7350000,10
7351700,以大矛攻击时，恢复专注值,固定回复2点专注值,1,1,0,0,7350000,10
7351800,以戟攻击时，恢复专注值,固定回复2点专注值,1,1,0,0,7350000,10
7351900,以镰刀攻击时，恢复专注值,固定回复2点专注值,1,1,0,0,7350000,10
7352000,以拳头攻击时，恢复专注值,固定回复2点专注值,1,1,0,0,7350000,10
7352100,以钩爪攻击时，恢复专注值,固定回复2点专注值,1,1,0,0,7350000,10
7352200,以软鞭攻击时，恢复专注值,固定回复2点专注值,1,1,0,0,7350000,10
7352300,以特大武器攻击时，恢复专注值,固定回复2点专注值,1,1,0,0,7350000,10
7352400,以弓攻击时，恢复专注值,固定回复2点专注值,1,1,0,0,7350000,10
7360600,出击时，武器魔法改为“魔法辉剑,仅隐士有效,1,0,0,0,300,100
7360900,出击时，武器魔法改为“卡利亚大剑”,仅隐士有效,1,0,0,0,300,100
7361200,出击时，武器魔法改为“黑夜魔砾”,仅隐士有效,1,0,0,0,300,100
7361300,出击时，武器魔法改为“熔岩球”,仅隐士有效,1,0,0,0,300,100
7362100,出击时，武器魔法改为“责罚荆棘”,仅隐士有效,1,0,0,0,300,100
7370300,出击时，武器祷告改为“黄金之怒”,仅复仇者有效,1,0,0,0,300,100
7370400,出击时，武器祷告改为“雷电枪”,仅复仇者有效,1,0,0,0,300,100
7370600,出击时，武器祷告改为“火焰啊!”,仅复仇者有效,1,0,0,0,300,100
7370900,出击时，武器祷告改为“兽爪”,仅复仇者有效,1,0,0,0,300,100
7371500,出击时，武器祷告改为“龙焰”,仅复仇者有效,1,0,0,0,300,100
8000000,[武器] 提升血量上限 - 等级1,生命值上限+10%,0,0,0,0,400000,8000000
8000001,[武器] 提升血量上限 - 等级2,生命值上限+15%,0,0,0,0,400000,8000000
8010000,[武器] 提升专注值上限 - 等级1,专注值上限+10%,0,0,0,0,400010,8010000
8010001,[武器] 提升专注值上限 - 等级2,专注值上限+15%,0,0,0,0,400010,8010000
8010100,[武器] 减少专注值消耗 - 等级1,专注值消耗-10%,0,0,0,0,400020,8010100
8010101,[武器] 减少专注值消耗 - 等级2,专注值消耗-15%,0,0,0,0,400020,8010100
8020000,[武器] 提升精力上限 - 等级1,精力值上限+10%,0,0,0,0,400020,8020000
8020001,[武器] 提升精力上限 - 等级2,精力值上限+15%,0,0,0,0,400020,8020000
8020200,[武器] 提升精力恢复速度 - 等级1,精力回复速度+4点/秒,0,0,0,0,400030,8020200
8020201,[武器] 提升精力恢复速度 - 等级2,精力回复速度+6点/秒,0,0,0,0,400030,8020200
8100000,[武器] 提升物理攻击力 - 等级1,造成的物理属性伤害+6%,0,0,0,0,-1,8100000
8100001,[武器] 提升物理攻击力 - 等级2,造成的物理属性伤害+9%,0,0,0,0,-1,8100000
8100100,[武器] 提升魔力属性攻击力 - 等级1,造成的魔力属性伤害+6%,0,0,0,0,401000,8100100
8100101,[武器] 提升魔力属性攻击力 - 等级2,造成的魔力属性伤害+9%,0,0,0,0,401000,8100100
8100102,[武器] 提升魔力属性攻击力 - 等级3,造成的魔力属性伤害+12%,0,0,0,0,401000,8100100
8100200,[武器] 提升火属性攻击力 - 等级1,造成的火属性伤害+6%,0,0,0,0,401000,8100200
8100201,[武器] 提升火属性攻击力 - 等级2,造成的火属性伤害+9%,0,0,0,0,401000,8100200
8100202,[武器] 提升火属性攻击力 - 等级3,造成的火属性伤害+12%,0,0,0,0,401000,8100200
8100300,[武器] 提升雷属性攻击力 - 等级1,造成的雷属性伤害+6%,0,0,0,0,401000,8100300
8100301,[武器] 提升雷属性攻击力 - 等级2,造成的雷属性伤害+9%,0,0,0,0,401000,8100300
8100302,[武器] 提升雷属性攻击力 - 等级3,造成的雷属性伤害+12%,0,0,0,0,401000,8100300
8100400,[武器] 提升圣属性攻击力 - 等级1,造成的圣属性伤害+6%,0,0,0,0,401000,8100400
8100401,[武器] 提升圣属性攻击力 - 等级2,造成的圣属性伤害+9%,0,0,0,0,401000,8100400
8100402,[武器] 提升圣属性攻击力 - 等级3,造成的圣属性伤害+12%,0,0,0,0,401000,8100400
8100500,[武器] 提升属性攻击力,,0,0,0,0,-1,8100500
8100501,[武器] 提升属性攻击力 - 等级2,魔力/火/雷/圣属性伤害+8%,0,0,0,0,-1,8100500
8110000,[武器] 附加异常状态中毒 - 等级1,附加中毒值18,0,0,0,0,401000,8110000
8110001,[武器] 附加异常状态中毒 - 等级2,附加中毒值23,0,0,0,0,401000,8110000
8110002,[武器] 附加异常状态中毒 - 等级3,附加中毒值30,0,0,0,0,401000,8110000
8110010,[武器] 附加异常状态中毒（弓） - 等级1,附加中毒值18,0,0,0,0,401000,8110000
8110011,[武器] 附加异常状态中毒（弓） - 等级2,附加中毒值23,0,0,0,0,401000,8110000
8110012,[武器] 附加异常状态中毒（弓） - 等级3,附加中毒值30,0,0,0,0,401000,8110000
8110100,[武器] 附加异常状态出血 - 等级1,附加出血值18,0,0,0,0,401000,8110100
8110101,[武器] 附加异常状态出血 - 等级2,附加出血值23,0,0,0,0,401000,8110100
8110102,[武器] 附加异常状态出血 - 等级3,附加出血值30,0,0,0,0,401000,8110100
8110110,[武器] 附加异常状态出血（弓） - 等级1,附加出血值18,0,0,0,0,401000,8110100
8110111,[武器] 附加异常状态出血（弓） - 等级2,附加出血值23,0,0,0,0,401000,8110100
8110112,[武器] 附加异常状态出血（弓） - 等级3,附加出血值30,0,0,0,0,401000,8110100
8110200,[武器] 附加异常状态催眠 - 等级1,附加睡眠值18,0,0,0,0,401000,8110200
8110201,[武器] 附加异常状态催眠 - 等级2,附加睡眠值23,0,0,0,0,401000,8110200
8110202,[武器] 附加异常状态催眠 - 等级3,附加睡眠值30,0,0,0,0,401000,8110200
8110210,[武器] 附加异常状态催眠（弓） - 等级1,附加睡眠值18,0,0,0,0,401000,8110200
8110211,[武器] 附加异常状态催眠（弓） - 等级2,附加睡眠值23,0,0,0,0,401000,8110200
8110212,[武器] 附加异常状态催眠（弓） - 等级3,附加睡眠值30,0,0,0,0,401000,8110200
8110400,[武器] 附加异常状态腐败 - 等级1,附加腐败值18,0,0,0,0,401000,8110400
8110401,[武器] 附加异常状态腐败 - 等级2,附加腐败值23,0,0,0,0,401000,8110400
8110402,[武器] 附加异常状态腐败 - 等级3,附加腐败值30,0,0,0,0,401000,8110400
8110410,[武器] 附加异常状态腐败（弓） - 等级1,附加腐败值18,0,0,0,0,401000,8110400
8110411,[武器] 附加异常状态腐败（弓） - 等级2,附加腐败值23,0,0,0,0,401000,8110400
8110412,[武器] 附加异常状态腐败（弓） - 等级3,附加腐败值30,0,0,0,0,401000,8110400
8110500,[武器] 附加异常状态冻伤 - 等级1,附加冻伤值18,0,0,0,0,401000,8110500
8110501,[武器] 附加异常状态冻伤 - 等级2,附加冻伤值23,0,0,0,0,401000,8110500
8110502,[武器] 附加异常状态冻伤 - 等级3,附加冻伤值30,0,0,0,0,401000,8110500
8110510,[武器] 附加异常状态冻伤（弓） - 等级1,附加冻伤值18,0,0,0,0,401000,8110500
8110511,[武器] 附加异常状态冻伤（弓） - 等级2,附加冻伤值23,0,0,0,0,401000,8110500
8110512,[武器] 附加异常状态冻伤（弓） - 等级3,附加冻伤值30,0,0,0,0,401000,8110500
8110700,[武器] 武器变为火属性 - 等级1,降低物理攻击力25，并增加火属性攻击力25,0,0,0,0,401000,8110700
8110701,[武器] 武器变为火属性 - 等级2,降低物理攻击力30，并增加火属性攻击力30,0,0,0,0,401000,8110700
8110702,[武器] 武器变为火属性 - 等级3,降低物理攻击力35，并增加火属性攻击力35,0,0,0,0,401000,8110700
8110703,[武器] 武器变为火属性 - 等级4,降低物理攻击力26，并增加火属性攻击力26,0,0,0,0,401000,8110700
8110800,[武器] 武器变为魔力属性 - 等级1,降低物理攻击力25，并增加魔力属性攻击力25,0,0,0,0,401000,8110800
8110801,[武器] 武器变为魔力属性 - 等级2,降低物理攻击力30，并增加魔力属性攻击力30,0,0,0,0,401000,8110800
8110802,[武器] 武器变为魔力属性 - 等级3,降低物理攻击力35，并增加魔力属性攻击力35,0,0,0,0,401000,8110800
8110803,[武器] 武器变为魔力属性 - 等级4,降低物理攻击力26，并增加魔力属性攻击力26,0,0,0,0,401000,8110800
8110900,[武器] 武器变为雷属性 - 等级1,降低物理攻击力25，并增加雷属性攻击力25,0,0,0,0,401000,8110900
8110901,[武器] 武器变为雷属性 - 等级2,降低物理攻击力30，并增加雷属性攻击力30,0,0,0,0,401000,8110900
8110902,[武器] 武器变为雷属性 - 等级3,降低物理攻击力35，并增加雷属性攻击力35,0,0,0,0,401000,8110900
8110903,[武器] 武器变为雷属性 - 等级4,降低物理攻击力26，并增加雷属性攻击力26,0,0,0,0,401000,8110900
8111000,[武器] 武器变为圣属性 - 等级1,降低物理攻击力25，并增加圣属性攻击力25,0,0,0,0,401000,8111000
8111001,[武器] 武器变为圣属性 - 等级2,降低物理攻击力30，并增加圣属性攻击力30,0,0,0,0,401000,8111000
8111002,[武器] 武器变为圣属性 - 等级3,降低物理攻击力35，并增加圣属性攻击力35,0,0,0,0,401000,8111000
8111003,[武器] 武器变为圣属性 - 等级4,降低物理攻击力26，并增加圣属性攻击力26,0,0,0,0,401000,8111000
8120000,[武器] 提升让敌人失去平衡的能力 - 等级1,造成的削韧+10%,0,0,0,0,-1,8120000
8120001,[武器] 提升让敌人失去平衡的能力 - 等级2,造成的削韧+15%,0,0,0,0,-1,8120000
8130000,[武器] 强化致命一击 - 等级1,致命一击造成的伤害+12%,0,0,0,0,-1,8130000
8130001,[武器] 强化致命一击 - 等级2,致命一击造成的伤害+18%,0,0,0,0,-1,8130000
8130002,[武器] 强化致命一击 - 等级3,致命一击造成的伤害+24%,0,0,0,0,-1,8130000
8140000,[武器] 提升瓦解防御的能力 - 等级1,攻击举盾防御的敌人时，敌人消耗的精力值+30%,0,0,0,0,-1,8140000
8140001,[武器] 提升瓦解防御的能力 - 等级2,攻击举盾防御的敌人时，敌人消耗的精力值+45%,0,0,0,0,-1,8140000
8140002,[武器] 提升瓦解防御的能力 - 等级3,攻击举盾防御的敌人时，敌人消耗的精力值+60%,0,0,0,0,-1,8140000
8200000,[武器] 提升物理减伤率 - 等级1,受到的物理属性伤害-12%,0,0,0,0,400030,8940000
8200001,[武器] 提升物理减伤率 - 等级2,受到的物理属性伤害-18%,0,0,0,0,400030,8940000
8200100,[武器] 提升魔力属性减伤率 - 等级1,受到的魔力属性伤害-12%,0,0,0,0,401010,8200100
8200101,[武器] 提升魔力属性减伤率 - 等级2,受到的魔力属性伤害-16%,0,0,0,0,401010,8200100
8200102,[武器] 提升魔力属性减伤率 - 等级3,受到的魔力属性伤害-20%,0,0,0,0,401010,8200100
8200200,[武器] 提升火属性减伤率 - 等级1,受到的火属性伤害-12%,0,0,0,0,401010,8200200
8200201,[武器] 提升火属性减伤率 - 等级2,受到的火属性伤害-16%,0,0,0,0,401010,8200200
8200202,[武器] 提升火属性减伤率 - 等级3,受到的火属性伤害-20%,0,0,0,0,401010,8200200
8200300,[武器] 提升雷属性减伤率 - 等级1,受到的雷属性伤害-12%,0,0,0,0,401010,8200300
8200301,[武器] 提升雷属性减伤率 - 等级2,受到的雷属性伤害-16%,0,0,0,0,401010,8200300
8200302,[武器] 提升雷属性减伤率 - 等级3,受到的雷属性伤害-20%,0,0,0,0,401010,8200300
8200400,[武器] 提升圣属性减伤率 - 等级1,受到的圣属性伤害-12%,0,0,0,0,401010,8200400
8200401,[武器] 提升圣属性减伤率 - 等级2,受到的圣属性伤害-16%,0,0,0,0,401010,8200400
8200402,[武器] 提升圣属性减伤率 - 等级3,受到的圣属性伤害-20%,0,0,0,0,401010,8200400
8200500,[武器] 提升物理以外的减伤率 - 等级1,减少受到的除物理外伤害-12%,0,0,0,0,400040,8940100
8200501,[武器] 提升物理以外的减伤率 - 等级2,减少受到的除物理外伤害-18%,0,0,0,0,400040,8940100
8210000,[武器] 提升对中毒的抵抗力 - 等级1,中毒异常耐受上限+57,0,0,0,0,401010,8210000
8210001,[武器] 提升对中毒的抵抗力 - 等级2,中毒异常耐受上限+75,0,0,0,0,401010,8210000
8210002,[武器] 提升对中毒的抵抗力 - 等级3,中毒异常耐受上限+112点,0,0,0,0,401010,8210000
8210100,[武器] 提升对出血的抵抗力 - 等级1,出血异常耐受上限+57,0,0,0,0,401010,8210100
8210101,[武器] 提升对出血的抵抗力 - 等级2,出血异常耐受上限+75,0,0,0,0,401010,8210100
8210102,[武器] 提升对出血的抵抗力 - 等级3,出血异常耐受上限+112点,0,0,0,0,401010,8210100
8210200,[武器] 提升对催眠的抵抗力 - 等级1,催眠异常耐受上限+57,0,0,0,0,401010,8210200
8210201,[武器] 提升对催眠的抵抗力 - 等级2,催眠异常耐受上限+75,0,0,0,0,401010,8210200
8210202,[武器] 提升对催眠的抵抗力 - 等级3,催眠异常耐受上限+112点,0,0,0,0,401010,8210200
8210300,[武器] 提升对骤死的抵抗力 - 等级1,骤死异常耐受上限+57,0,0,0,0,401010,8210300
8210301,[武器] 提升对骤死的抵抗力 - 等级2,骤死异常耐受上限+75,0,0,0,0,401010,8210300
8210302,[武器] 提升对骤死的抵抗力 - 等级3,骤死异常耐受上限+112点,0,0,0,0,401010,8210300
8210400,[武器] 提升对腐败的抵抗力 - 等级1,腐败异常耐受上限+57,0,0,0,0,401010,8210400
8210401,[武器] 提升对腐败的抵抗力 - 等级2,腐败异常耐受上限+75,0,0,0,0,401010,8210400
8210402,[武器] 提升对腐败的抵抗力 - 等级3,腐败异常耐受上限+112点,0,0,0,0,401010,8210400
8210500,[武器] 提升对冻伤的抵抗力 - 等级1,冻伤异常耐受上限+57,0,0,0,0,401010,8210500
8210501,[武器] 提升对冻伤的抵抗力 - 等级2,冻伤异常耐受上限+75,0,0,0,0,401010,8210500
8210502,[武器] 提升对冻伤的抵抗力 - 等级3,冻伤异常耐受上限+112点,0,0,0,0,401010,8210500
8210600,[武器] 提升对发狂的抵抗力 - 等级1,发狂异常耐受上限+57,0,0,0,0,401010,8210600
8210601,[武器] 提升对发狂的抵抗力 - 等级2,发狂异常耐受上限+75,0,0,0,0,401010,8210600
8210602,[武器] 提升对发狂的抵抗力 - 等级3,发狂异常耐受上限+112点,0,0,0,0,401010,8210600
8210700,[武器] 提升对所有异常状态的抵抗力 - 等级1,中毒/猩红腐败/出血/冻伤/催眠/发狂/骤死异常耐受上限+57,0,0,0,0,400050,8210700
8210701,[武器] 提升对所有异常状态的抵抗力 - 等级2,中毒/猩红腐败/出血/冻伤/催眠/发狂/骤死异常耐受上限+75,0,0,0,0,400050,8210700
8220000,[武器] 提升防御强度,防御时，最终损失的精力值-10%,0,0,0,0,-1,8220000
8220001,[武器] 提升防御强度＋１,防御时，最终损失的精力值-15%,0,0,0,0,-1,8220000
8220002,[武器] 提升防御强度＋２,防御时，最终损失的精力值-20%,0,0,0,0,-1,8220000
8230000,[武器] 提升强韧度 - 等级1,受到的韧性伤害-25%,0,0,0,0,-1,8230000
8230001,[武器] 提升强韧度 - 等级2,受到的韧性伤害-38%,0,0,0,0,-1,8230000
8300000,[武器] 提升双手共持时的攻击力 - 等级1,双手共持武器时造成的伤害+7%,0,0,0,0,401020,8300000
8300001,[武器] 提升双手共持时的攻击力 - 等级2,双手共持武器时造成的伤害+10%,0,0,0,0,401020,8300000
8300002,[武器] 提升双手共持时的攻击力 - 等级3,双手共持武器时造成的伤害+13%,0,0,0,0,401020,8300000
8310000,[武器] 提升双手各持时的攻击力 - 等级1,双手各持武器时造成的伤害+7%,0,0,0,0,401020,8310000
8310001,[武器] 提升双手各持时的攻击力 - 等级2,双手各持武器时造成的伤害+10%,0,0,0,0,401020,8310000
8310002,[武器] 提升双手各持时的攻击力 - 等级3,双手各持武器时造成的伤害+13%,0,0,0,0,401020,8310000
8320000,[武器] 强化连续攻击的最后攻击 - 等级1,连续攻击的最后攻击伤害+21%,0,0,0,0,401020,8320000
8320001,[武器] 强化连续攻击的最后攻击 - 等级2,连续攻击的最后攻击伤害+26%,0,0,0,0,401020,8320000
8320002,[武器] 强化连续攻击的最后攻击 - 等级3,连续攻击的最后攻击伤害+31%,0,0,0,0,401020,8320000
8320100,[武器] 强化蓄力攻击 - 等级1,蓄力攻击的伤害+6%,0,0,0,0,401020,8320100
8320101,[武器] 强化蓄力攻击 - 等级2,蓄力攻击的伤害+9%,0,0,0,0,401020,8320100
8320102,[武器] 强化蓄力攻击 - 等级3,蓄力攻击的伤害+12%,0,0,0,0,401020,8320100
8320300,[武器] 强化跳跃攻击 - 等级1,跳跃攻击造成的伤害+14%,0,0,0,0,401020,8320300
8320301,[武器] 强化跳跃攻击 - 等级2,跳跃攻击造成的伤害+17%,0,0,0,0,401020,8320300
8320302,[武器] 强化跳跃攻击 - 等级3,跳跃攻击造成的伤害+20%,0,0,0,0,401020,8320300
8320400,[武器] 蓄力攻击时，提升减伤率 - 等级1,使用蓄力攻击时，产生一个10秒增益状态，受到的伤害-24%,0,0,0,0,401020,8320400
8320410,[武器] 蓄力攻击时，提升减伤率 - 等级2,使用蓄力攻击时，产生一个10秒增益状态，受到的伤害-32%,0,0,0,0,401020,8320400
8320420,[武器] 蓄力攻击时，提升减伤率 - 等级3,使用蓄力攻击时，产生一个10秒增益状态，受到的伤害-40%,0,0,0,0,401020,8320400
8320500,[武器] 提升近战攻击力 - 等级1,近战攻击造成的伤害+9%,0,0,0,0,401020,8320500
8320510,[武器] 提升近战攻击力 - 等级2,近战攻击造成的伤害+12%,0,0,0,0,401020,8320500
8320520,[武器] 提升近战攻击力 - 等级3,近战攻击造成的伤害+15%,0,0,0,0,401020,8320500
8320600,[武器] 强化冲刺攻击 - 等级1,冲刺攻击造成的伤害+20%,0,0,0,0,401020,8320600
8320610,[武器] 强化冲刺攻击 - 等级2,冲刺攻击造成的伤害+24%,0,0,0,0,401020,8320600
8320620,[武器] 强化冲刺攻击 - 等级3,冲刺攻击造成的伤害+28%,0,0,0,0,401020,8320600
8320700,[武器] 强化翻滚攻击 - 等级1,翻滚攻击造成的伤害+20%,0,0,0,0,401020,8320700
8320710,[武器] 强化翻滚攻击 - 等级2,翻滚攻击造成的伤害+24%,0,0,0,0,401020,8320700
8320720,[武器] 强化翻滚攻击 - 等级3,翻滚攻击造成的伤害+28%,0,0,0,0,401020,8320700
8330000,[武器] 强化魔法 - 等级1,魔法造成的伤害+5% (只要用魔法杖打出的都算）,0,0,0,0,401020,8330000
8330001,[武器] 强化魔法 - 等级2,魔法造成的伤害+8% (只要用魔法杖打出的都算）,0,0,0,0,401020,8330000
8330002,[武器] 强化魔法 - 等级3,魔法造成的伤害+11% (只要用魔法杖打出的都算）,0,0,0,0,401020,8330000
8330100,[武器] 强化祷告 - 等级1,祷告造成的伤害+5%,0,0,0,0,401020,8330100
8330101,[武器] 强化祷告 - 等级2,祷告造成的伤害+8%,0,0,0,0,401020,8330100
8330102,[武器] 强化祷告 - 等级3,祷告造成的伤害+11%,0,0,0,0,401020,8330100
8330103,[武器] 强化祷告 - 等级1,祷告造成的伤害+5%,0,0,0,0,401020,8330100
8330104,[武器] 强化祷告 - 等级2,祷告造成的伤害+8%,0,0,0,0,401020,8330100
8330200,[武器] 强化魔法的蓄力施展 - 等级1,蓄力魔法的伤害+9%,0,0,0,0,401020,8330200
8330201,[武器] 强化魔法的蓄力施展 - 等级2,蓄力魔法的伤害+13%,0,0,0,0,401020,8330200
8330202,[武器] 强化魔法的蓄力施展 - 等级3,蓄力魔法的伤害+18%,0,0,0,0,401020,8330200
8330300,[武器] 强化祷告的蓄力执行 - 等级1,蓄力祷告的伤害+9%,0,0,0,0,401020,8330300
8330301,[武器] 强化祷告的蓄力执行 - 等级2,蓄力祷告的伤害+13%,0,0,0,0,401020,8330300
8330302,[武器] 强化祷告的蓄力执行 - 等级3,蓄力祷告的伤害+18%,0,0,0,0,401020,8330300
8330400,[武器] 缩短魔法、祷告的咏唱时间 - 等级1,增加相当于30灵巧所带来的施法速度,0,0,0,0,401020,8330400
8330401,[武器] 缩短魔法、祷告的咏唱时间 - 等级2,增加相当于60点灵巧所带来的施法速度,0,0,0,0,401020,8330400
8330500,[武器] 延长魔法、祷告的有效时间,延长魔法、祷告的有效时间(延长佩戴时长的200%，向下取整),0,0,0,0,401020,8330500
8330600,[武器] 减少魔法、祷告专注值消耗 - 等级1,魔法、祷告专注值消耗-10%,0,0,0,0,401020,8330600
8330601,[武器] 减少魔法、祷告专注值消耗 - 等级2,魔法、祷告专注值消耗-15%,0,0,0,0,401020,8330600
8330602,[武器] 减少魔法、祷告专注值消耗 - 等级3,魔法、祷告专注值消耗-20%,0,0,0,0,401020,8330600
8330700,[武器] 龙飨祷告对武器附加增伤【龙】,使用龙飨祷告会对武器施加45秒"龙特攻"附魔，对古龙造成1.2倍伤害，对普通龙造成1.3倍伤害,0,0,0,0,401020,8330700
8330900,[武器] 咏唱魔法、祷告时，提升减伤率 - 等级1,咏唱魔法、祷告时，受到的伤害-18%,0,0,0,0,401020,8330900
8330910,[武器] 咏唱魔法、祷告时，提升减伤率 - 等级2,咏唱魔法、祷告时，受到的伤害-24%,0,0,0,0,401020,8330900
8330920,[武器] 咏唱魔法、祷告时，提升减伤率 - 等级3,咏唱魔法、祷告时，受到的伤害-30%,0,0,0,0,401020,8330900
8340000,[武器] 强化射击 - 等级1,箭矢造成的伤害+7%,0,0,0,0,401020,8340000
8340001,[武器] 强化射击 - 等级2,箭矢造成的伤害+10%,0,0,0,0,401020,8340000
8340002,[武器] 强化射击 - 等级3,箭矢造成的伤害+14%,0,0,0,0,401020,8340000
8340100,[武器] 降低射击时，伤害随距离递减的影响 - 等级1,弓弩基础射程距离+30%（基础射程为50),0,0,0,0,401020,8340100
8340101,[武器] 降低射击时，伤害随距离递减的影响 - 等级2,弓弩基础射程距离+40%（基础射程为50),0,0,0,0,401020,8340100
8340102,[武器] 降低射击时，伤害随距离递减的影响 - 等级3,弓弩基础射程距离+50%（基础射程为50),0,0,0,0,401020,8340100
8350000,[武器] 提升战技攻击力 - 等级1,战技造成的伤害+15%,0,0,0,0,401020,8350000
8350001,[武器] 提升战技攻击力 - 等级2,战技造成的伤害+18%,0,0,0,0,401020,8350000
8350002,[武器] 提升战技攻击力 - 等级3,战技造成的伤害+21%,0,0,0,0,401020,8350000
8350200,[武器] 减少战技专注值消耗 - 等级1,战技专注值消耗-12%,0,0,0,0,401020,8350200
8350201,[武器] 减少战技专注值消耗 - 等级2,战技专注值消耗-18%,0,0,0,0,401020,8350200
8350202,[武器] 减少战技专注值消耗 - 等级3,战技专注值消耗-24%,0,0,0,0,401020,8350200
8350400,[武器] 格挡时，发动黄金式奉还,能以格挡消除魔法、祷告，再释放光芒球,0,0,0,0,401020,8350400
8360000,[武器] 强化自然累积绝招量表,绝招量表累积速率+6%,0,0,0,0,-1,8360000
8370000,[武器] 缩短技艺的冷却时间,技艺冷却时间-10%,0,0,0,0,-1,8370000
8410000,[武器] 强化闪避能力,增加闪避动作无敌帧,0,0,0,0,8410000,8410000
8410100,[武器] 闪避时，在周围降下落雷,翻滚、后跃闪避时，能在周围降下落雷(每发55.8雷，削韧2),0,0,0,0,401030,8410100
8420000,[武器] 强化防御反击 - 等级1,防御反击造成的伤害+17%,0,0,0,0,401020,8420000
8420001,[武器] 强化防御反击 - 等级2,防御反击造成的伤害+20%,0,0,0,0,401020,8420000
8420002,[武器] 强化防御反击 - 等级3,防御反击造成的伤害+23%,0,0,0,0,401020,8420000
8420100,[武器] 防御反击时，触发圣属性攻击,使出防御反击时，能引发圣属性的爆炸(100.2圣，击退冲击力7，削韧7),0,0,0,0,401020,8420100
8420200,[武器] 防御反击时，触发召唤攻击,使出防御反击时，能召唤因死迷途者攻击(三个骷髅每个63魔，削韧5x3),0,0,0,0,401020,8420200
8430000,[武器] 强化突刺反击,触发突刺反击时，额外造成物理伤害+10% / +15% / +20%,0,0,0,0,401020,8430000
8440000,[武器] 提升圣杯瓶恢复量 - 等级1,红露滴圣杯瓶恢复量+20%,0,0,0,0,400060,8440000
8440001,[武器] 提升圣杯瓶恢复量 - 等级2,红露滴圣杯瓶恢复量+30%,0,0,0,0,400060,8440000
8440200,[武器] 使用圣杯瓶时，改为缓慢恢复,立刻恢复10%(受恢复量buff加成)；后续恢复1%/0.1s，持续8s(不受恢复量buff加成),0,0,0,0,8440200,8440200
8450000,[武器] 急速冲刺时，喷出熔岩,能在急速冲刺的起点喷出熔岩,0,0,0,0,401030,8450000
8450100,[武器] 急速冲刺时，刮起冰风暴,能在急速冲刺的起点刮起冰风暴(每次19.2魔＋5冰冻值，削韧每次2),0,0,0,0,401030,8450100
8460100,[武器] 慢步移动时，剧烈燃烧周围,慢步移动时，能引发剧烈自燃，连同周围一起燃烧(每次86.4火，削韧每次9.25),0,0,0,0,401030,8460100
8460200,[武器] 慢步移动时，迸发剧烈癫火,慢步移动时，能迸发剧烈黄色癫火(每发64.2火+20发狂值，削韧每发5),0,0,0,0,401030,8460200
8460300,[武器] 慢步移动时，释放咒魂,慢步移动时，能释放穷追不舍的咒魂(爆炸33圣，削韧15，生成12个咒魂，每个21圣，削韧1),0,0,0,0,401030,8460300
8460400,[武器] 慢步移动时，降下磅礡的星雨,慢步移动时，能在空中召唤出黑暗星云，降下磅礡的星雨(每发9魔，削韧每发0.5),0,0,0,0,401030,8460400
8460500,[武器] 慢步移动时，召唤红落雷,慢步移动时，能在周围召唤红落雷(每发36雷，削韧每发5),0,0,0,0,401030,8460500
8500000,[武器] 打倒敌人时，增加获得的卢恩,获得的卢恩+10%，仅对击杀奖励有效,0,0,0,0,-1,8500000
8500100,[武器] 强者卢恩 - 等级1,,0,0,0,0,-1,8500100
8500101,[武器] 强者卢恩 - 等级2,,0,0,0,0,-1,8500101
8500102,[武器] 强者卢恩 - 等级3,,0,0,0,0,-1,8500102
8510000,[武器] 提升观察力,观察力+20,0,0,0,0,-1,8510000
8510001,[武器] 提升观察力 - 等级2,观察力+20,0,0,0,0,-1,8510000
8510002,[武器] 提升观察力 - 等级3,观察力+20,0,0,0,0,-1,8510000
8520000,[武器] 敌人比较不会攻击自己 - 等级1,仇恨增益-300,0,0,0,1,-1,8520000
8520001,[武器] 敌人比较不会攻击自己 - 等级2,仇恨增益-450,0,0,0,1,-1,8520000
8520002,[武器] 敌人比较不会攻击自己 - 等级3,仇恨增益-600,0,0,0,1,-1,8520000
8530000,[武器] 一定时间间隔内，形成多支辉剑,辉剑会先后形成，自动攻击敌人(生成5只辉剑，每发36魔，削韧1x5),0,0,0,0,401030,8530000
8530100,[武器] 一定时间间隔内，形成大量辉剑,辉剑会先后形成，自动攻击敌人(生成9只辉剑，每发28.8魔，削韧1×9),0,0,0,0,401030,8530100
8530200,[武器] 一定时间间隔内，形成巨大辉剑,辉剑会先后形成，自动攻击敌人(生成3只大辉剑，每发60魔，削韧10.175×3),0,0,0,0,401030,8530200
8540000,[武器] 持续恢复血量,每秒恢复1点生命值,0,0,0,0,401050,8540000
8600100,[武器] 攻击时，恢复血量,每次攻击固定回复4点生命值,0,0,0,0,-1,8600100
8600101,[武器] 攻击时，恢复血量 - 等级2,,0,0,0,0,-1,8600100
8600102,[武器] 攻击时，恢复血量 - 等级3,,0,0,0,0,-1,8600100
8600200,[武器] 攻击时，恢复专注值,每次攻击固定回复1点专注值,0,0,0,0,-1,8600200
8600201,[武器] 攻击时，恢复专注值 - 等级2,,0,0,0,0,-1,8600200
8600202,[武器] 攻击时，恢复专注值 - 等级3,,0,0,0,0,-1,8600200
8600300,[武器] 攻击时，敌人偶尔会骤死,攻击命中的敌人，偶尔会无关血量多寡立刻死亡,0,0,0,0,8600300,8600300
8610000,[武器] 连续攻击时，恢复血量,连续攻击回复血量，回复最大生命值的3%,0,0,0,0,-1,8610000
8610100,[武器] 连续攻击时，恢复专注值,连续攻击回复专注值，回复最大专注值的10%,0,0,0,0,-1,8610100
8610300,[武器] 蓄力攻击时，追加魔力属性攻击,蓄力攻击时，追加75点基础魔力属性伤害，1点削韧，3号冲击力,0,0,0,0,401020,8610300
8610400,[武器] 蓄力攻击时，追加火属性攻击,蓄力攻击时，追加75点基础火属性伤害，1点削韧，3号冲击力,0,0,0,0,401020,8610400
8610500,[武器] 蓄力攻击时，追加雷属性攻击,蓄力攻击时，追加75点基础雷属性伤害，1点削韧，3号冲击力,0,0,0,0,401020,8610500
8610600,[武器] 蓄力攻击时，追加圣属性攻击,蓄力攻击时，追加75点基础圣属性伤害，1点削韧，3号冲击力,0,0,0,0,401020,8610600
8610700,[武器] 连续攻击时，仅限一次提升减伤率 - 等级1,连续攻击时，触发仅一次的减伤效果，受到的伤害-38%,0,0,0,0,8610700,8610700
8610710,[武器] 连续攻击时，仅限一次提升减伤率 - 等级2,连续攻击时，触发仅一次的减伤效果，受到的伤害-48%,0,0,0,0,8610700,8610700
8610720,[武器] 连续攻击时，仅限一次提升减伤率 - 等级3,连续攻击时，触发仅一次的减伤效果，受到的伤害-60%,0,0,0,0,8610700,8610700
8620000,[武器] 受到损伤时，恢复专注值,每次受到伤害回复2点专注值,0,0,0,0,8620000,8620000
8620010,[武器] 受到损伤时，恢复专注值 - 等级2,,0,0,0,0,8620000,8620000
8620020,[武器] 受到损伤时，恢复专注值 - 等级3,,0,0,0,0,8620000,8620000
8620100,[武器] 受到损伤时，提升减伤率 - 等级1,每次受到伤害，触发减伤效果，受到的伤害-21%，持续10秒,0,0,0,0,8620100,8620100
8620110,[武器] 受到损伤时，提升减伤率 - 等级2,每次受到伤害，触发减伤效果，受到的伤害-28%，持续10秒,0,0,0,0,8620100,8620100
8620120,[武器] 受到损伤时，提升减伤率 - 等级3,每次受到伤害，触发减伤效果，受到的伤害-36%，持续10秒,0,0,0,0,8620100,8620100
8630000,[武器] 打倒敌人时，恢复血量,击杀一名敌人后，固定回复20点生命值,0,0,0,0,-1,8630000
8630010,[武器] 打倒敌人时，恢复血量 - 等级2,,0,0,0,0,-1,8630000
8630020,[武器] 打倒敌人时，恢复血量 - 等级3,,0,0,0,0,-1,8630000
8630100,[武器] 打倒敌人时，恢复专注值,击杀一名敌人后，固定回复最大专注值的4%,0,0,0,0,-1,8630100
8630110,[武器] 打倒敌人时，恢复专注值 - 等级2,,0,0,0,0,-1,8630100
8630120,[武器] 打倒敌人时，恢复专注值 - 等级3,,0,0,0,0,-1,8630100
8630200,[武器] 打倒多名敌人时，释放咒魂,打倒多名敌人时，能释放穷追不舍的咒魂,0,0,0,0,8630200,8630200
8630300,[武器] 打倒多名敌人时，形成魅惑烟雾,打倒多名敌人时，能形成魅惑烟雾,0,0,0,0,8630200,8630300
8630400,[武器] 打倒多名敌人时，召唤怨魂,打倒多名敌人时，能召唤穷追不舍的怨魂群,0,0,0,0,8630200,8630400
8630500,[武器] 打倒多名敌人时，形成熔岩,打倒多名敌人时，能形成滚烫熔岩,0,0,0,0,8630200,8630500
8630600,[武器] 打倒多名敌人时，形成寒气冻雾,打倒多名敌人时，能形成寒气冻雾,0,0,0,0,8630200,8630600
8630700,[武器] 打倒多名敌人时，降下落雷,打倒多名敌人时，能降下落雷,0,0,0,0,8630200,8630700
8630800,[武器] 打倒多名敌人时，形成黄金冲击波,打倒多名敌人时，能形成黄金冲击波,0,0,0,0,8630200,8630800
8640000,[武器] 致命一击时，恢复血量,致命一击回复血量，回复最大生命值的18%,0,0,0,0,-1,8640000
8640100,[武器] 致命一击时，恢复专注值,致命一击回复专注值，回复最大专注值的10%,0,0,0,0,-1,8640100
8642000,[武器] 致命一击时，增加对敌人的伤害,致命一击后使敌人受到伤害增加15%，持续30秒(致命一击的第—击吃不到加伤),0,0,0,0,-1,8640200
8650000,[武器] 防御成功时，恢复血量,固定回复10点生命值,0,0,0,0,-1,8650000
8650100,[武器] 防御成功时，恢复专注值,固定回复2点专注值,0,0,0,0,-1,8650100
8652000,[武器] 防御成功时，提升强韧度,受到的韧性伤害-12%，持续10秒,0,0,0,0,8652000,8652000
8652010,[武器] 防御成功时，提升强韧度 - 等级2,,0,0,0,0,8652000,8652000
8652020,[武器] 防御成功时，提升强韧度 - 等级3,,0,0,0,0,8652000,8652000
8652100,[武器] 防御成功时，提升减伤率 - 等级1,受到的伤害-14%，持续10秒,0,0,0,0,8652100,8652100
8652110,[武器] 防御成功时，提升减伤率 - 等级2,受到的伤害-19%，持续10秒,0,0,0,0,8652100,8652100
8652120,[武器] 防御成功时，提升减伤率 - 等级3,受到的伤害-24%，持续10秒,0,0,0,0,8652100,8652100
8660000,[武器] 血量偏低时，提升攻击力 - 等级1,生命值小于40%时，造成的伤害+13%,0,0,0,0,-1,8660000
8660001,[武器] 血量偏低时，提升攻击力 - 等级2,生命值小于40%时，造成的伤害+17%,0,0,0,0,-1,8660000
8660002,[武器] 血量偏低时，提升攻击力 - 等级3,生命值小于40%时，造成的伤害+21%,0,0,0,0,-1,8660000
8660100,[武器] 血量偏低时，提升减伤率 - 等级1,生命值小于40%时，受到的伤害-23%,0,0,0,0,-1,8660101
8660101,[武器] 血量偏低时，提升减伤率 - 等级1,生命值小于40%时，受到的伤害-23%,0,0,0,0,-1,8660101
8660102,[武器] 血量偏低时，提升减伤率 - 等级3,生命值小于40%时，受到的伤害-37%,0,0,0,0,-1,8660101
8660200,[武器] 致命一击时，附加异常状态出血,使用致命一击后右手武器附魔18物理攻击力及50点出血值，持续65秒,0,0,0,0,8660200,8660200
8660300,[武器] 血量偏低时，展开圣域,血量低于40%时使用圣域，法阵内減伤率提升20%，每秒恢复10生命值，法阵持续35秒,0,0,0,0,8660300,8660300
8670000,[武器] 血量全满时，提升攻击力 - 等级1,生命值为100%时，造成的伤害+7%,0,0,0,0,-1,8670000
8670001,[武器] 血量全满时，提升攻击力 - 等级2,生命值为100%时，造成的伤害+10.5%,0,0,0,0,-1,8670000
8670002,[武器] 血量全满时，提升攻击力 - 等级3,生命值为100%时，造成的伤害+14%,0,0,0,0,-1,8670000
8670100,[武器] 血量全满时，提升减伤率 - 等级1,生命值为100%时，受到的伤害-24%,0,0,0,0,-1,8670101
8670101,[武器] 血量全满时，提升减伤率 - 等级1,生命值为100%时，受到的伤害-24%,0,0,0,0,-1,8670101
8670102,[武器] 血量全满时，提升减伤率 - 等级3,生命值为100%时，受到的伤害-40%,0,0,0,0,-1,8670101
8690000,[武器] 陷入中毒时，形成毒性烟雾,陷入中毒时，释放中毒值为200点的毒性烟雾,0,0,0,0,401040,8690000
8690100,[武器] 陷入发狂时，释放癫火,陷入发狂时，释放癫火，每束癫火附带90点发狂值，造成125点基础火属性伤害，5点削韧，2号冲击力,0,0,0,0,401040,8690100
8690200,[武器] 陷入猩红腐败时，形成腐败烟雾,陷入中毒时，释放腐败值为200点的腐败烟雾,0,0,0,0,401040,8690200
8690300,[武器] 陷入冻伤时，形成寒气冻雾,陷入冻伤时，释放冻伤值为300点的寒气冻雾,0,0,0,0,401040,8690300
8690400,[武器] 陷入催眠时，形成催眠烟雾,陷入催眠时，释放睡眠值为29点的催眠烟雾,0,0,0,0,401040,8690400
8700002,[武器] 周围陷入中毒、腐败时，提升攻击力,,0,0,0,0,401040,8920400
8710002,[武器] 周围陷入出血时，提升攻击力,,0,0,0,0,401040,8920300
8760000,[武器] 降低血量上限 - 等级1,生命值上限-4%,0,0,0,1,400000,8760000
8760050,[武器] 降低血量上限 - 等级2,生命值上限-6%,0,0,0,1,400000,8760000
8760100,[武器] 降低专注值上限 - 等级1,专注值上限-6%,0,0,0,1,400010,8760100
8760150,[武器] 降低专注值上限 - 等级2,专注值上限-9%,0,0,0,1,400010,8760100
8760200,[武器] 降低精力上限 - 等级1,精力值上限-5%,0,0,0,1,400020,8760200
8760250,[武器] 降低精力上限 - 等级2,精力值上限-8%,0,0,0,1,400020,8760200
8761000,[武器] 降低物理减伤率 - 等级1,受到的物理属性伤害+6%,0,0,0,1,400030,8761000
8761050,[武器] 降低物理减伤率 - 等级2,受到的物理属性伤害+8%,0,0,0,1,400030,8761000
8761100,[武器] 降低属性减伤率 - 等级1,受到的魔力/火/雷/圣属性伤害+6%,0,0,0,1,400040,8761100
8761150,[武器] 降低属性减伤率 - 等级2,受到的魔力/火/雷/圣属性伤害+8%,0,0,0,1,400040,8761100
8762000,[武器] 降低对所有异常状态的抵抗力 - 等级1,中毒/猩红腐败/出血/冻伤/催眠/发狂/骤死异常耐受上限-30,0,0,0,1,400050,8762000
8762050,[武器] 降低对所有异常状态的抵抗力 - 等级2,中毒/猩红腐败/出血/冻伤/催眠/发狂/骤死异常耐受上限-45,0,0,0,1,400050,8762000
8763000,[武器] 降低圣杯瓶恢复量 - 等级1,减少红露滴圣杯瓶6%恢复量,0,0,0,1,400060,8763000
8763050,[武器] 降低圣杯瓶恢复量 - 等级2,减少红露滴圣杯瓶9%恢复量,0,0,0,1,400060,8763000
8766000,[武器] 持续减少血量,每秒减少1点生命值; 可以触发“受到损伤的当下，能通过攻击恢复部分血量”系列词条，不能触发“受到损伤时...”系列词条,0,0,0,1,401050,8766000
8766050,[武器] 持续减少血量 - 等级2,每秒减少1点生命值; 可以触发“受到损伤的当下，能通过攻击恢复部分血量”系列词条，不能触发“受到损伤时...”系列词条,0,0,0,1,401050,8766000
8770000,[武器] 被黑夜雨淋到的损伤加剧 - 等级1,黑夜雨伤害变为2倍,0,0,0,1,8770000,8770000
8770050,[武器] 被黑夜雨淋到的损伤加剧 - 等级2,黑夜雨伤害变为2.5倍,0,0,0,1,8770050,8770000
8771000,[武器] 时间越接近夜晚，受到的损伤加剧 - 等级1,随着特定时间点，受到的伤害持续叠加1%，共叠加4次;触发时机暂不确定，猜测是：第一天开始、第一个缩圈结束，第二圈开始缩圈，第二圈缩圈结束。第二天黎明时，效果会解除。,0,0,0,1,8771000,8770010
8771050,[武器] 时间越接近夜晚，受到的损伤加剧 - 等级2,随着特定时间点，受到的伤害持续叠加2.5%，共叠加4次;触发时机暂不确定，猜测是：第一天开始、第一个缩圈结束，第二圈开始缩圈，第二圈缩圈结束。第二天黎明时，效果会解除。,0,0,0,1,8771050,8770010
8800100,[武器] 闪避后的当下，受伤时损伤加剧 - 等级1,闪避后无敌帧结束的后摇，受到的伤害+15%,0,0,0,1,8800100,8800100
8800150,[武器] 闪避后的当下，受伤时损伤加剧 - 等级2,闪避后无敌帧结束的后摇，受到的伤害+20%,0,0,0,1,8800150,8800100
8800200,[武器] 连续闪避时，降低减伤率 - 等级1,连续闪避时，受到的伤害+30%，效果持续15秒; 连续按闪避时，第3次闪避触发效果; 2次按下闪避键的间隔小于1秒，就会被判定为“连续闪避”,0,0,0,1,8800200,8800200
8800250,[武器] 连续闪避时，降低减伤率 - 等级2,连续闪避时，受到的伤害+46%，效果持续15秒; 连续按闪避时，第3次闪避触发效果; 2次按下闪避键的间隔小于1秒，就会被判定为“连续闪避”,0,0,0,1,8800250,8800200
8801000,[武器] 使用圣杯瓶时，降低减伤率,使用圣杯瓶的动作中，受到的伤害+33%,0,0,0,1,8801000,8801000
8801050,[武器] 使用圣杯瓶时，降低减伤率 - 等级2,使用圣杯瓶的动作中，受到的伤害+33%,0,0,0,1,8801050,8801000
8810000,[武器] 血量没有全满时，降低攻击力 - 等级1,血量不满时，造成的伤害-5%,0,0,0,1,8810000,8810000
8810050,[武器] 血量没有全满时，降低攻击力 - 等级2,血量不满时，造成的伤害-7%,0,0,0,1,8810050,8810000
8810200,[武器] 血量没有全满时，降低绝招量表累积 - 等级1,血量不满时，绝招量表累积速率-10%,0,0,0,1,8810200,8810200
8810250,[武器] 血量没有全满时，降低绝招量表累积 - 等级2,血量不满时，绝招量表累积速率-15%,0,0,0,1,8810250,8810200
8810300,[武器] 血量没有全满时，累积中毒量表,血量不满时，每1.3秒增加2点中毒值,0,0,0,1,8810300,8810300
8810350,[武器] 血量没有全满时，累积中毒量表 - 等级2,血量不满时，每1.3秒增加2点中毒值,0,0,0,1,8810350,8810300
8810400,[武器] 血量没有全满时，累积猩红腐败量表,血量不满时，每1.3秒增加2点腐败值,0,0,0,1,8810400,8810400
8810450,[武器] 血量没有全满时，累积猩红腐败量表 - 等级2,血量不满时，每1.3秒增加2点腐败值,0,0,0,1,8810450,8810400
8813100,[武器] 精力偏少时，降低减伤率 - 等级1,精力值小于50%时，受到的伤害+10%,0,0,0,1,8813100,8813100
8813150,[武器] 精力偏少时，降低减伤率 - 等级2,精力值小于50%时，受到的伤害+15%,0,0,0,1,8813150,8813100
8821000,[武器] 攻击时，攻击偶尔会掠过目标 - 等级1,每次攻击有3%，造成的伤害变为1% (仅降低伤害，依旧可以打出削韧值/异常值/冲击力),0,0,0,1,8821000,8821000
8821050,[武器] 攻击时，攻击偶尔会掠过目标 - 等级2,每次攻击有5%，造成的伤害变为1% (仅降低伤害，依旧可以打出削韧值/异常值/冲击力),0,0,0,1,8821050,8821000
8830000,[武器] 增加因异常状态受到的损伤 - 等级1,玩家触发异常后，异常状态扣除的血量增加+25%,0,0,0,1,8830000,8830000
8830050,[武器] 增加因异常状态受到的损伤 - 等级2,玩家触发异常后，异常状态扣除的血量增加+35%,0,0,0,1,8830050,8830000
8831000,[武器] 濒死时，减少绝招量表 - 等级1,陷入濒死后，绝招量表-30%,0,0,0,1,8831000,8831000
8831050,[武器] 濒死时，减少绝招量表 - 等级2,陷入濒死后，绝招量表-45%,0,0,0,1,8831050,8831000
8831200,[武器] 濒死时，降低血量上限,陷入濒死后，30秒内，生命值上限-15%,0,0,0,1,8831200,8831200
8831250,[武器] 濒死时，降低血量上限 - 等级2,陷入濒死后，30秒内，生命值上限-15%,0,0,0,1,8831250,8831200
8850000,[武器] 提升血量上限 - 等级1,生命值上限+8%,0,0,0,0,400000,8850000
8850050,[武器] 提升血量上限 - 等级2,生命值上限+12%,0,0,0,0,400000,8850050
8850100,[武器] 提升专注值上限 - 等级1,专注值上限+9%,0,0,0,0,400010,8850100
8850150,[武器] 提升专注值上限 - 等级2,专注值上限+13%,0,0,0,0,400010,8850150
8850200,[武器] 减少专注值消耗 - 等级1,专注值消耗-9%,0,0,0,0,400010,8850200
8850250,[武器] 减少专注值消耗 - 等级2,专注值消耗-13%,0,0,0,0,400010,8850250
8850300,[武器] 提升精力上限 - 等级1,精力值上限+8%,0,0,0,0,400020,8850300
8850350,[武器] 提升精力上限 - 等级2,精力值上限+12%,0,0,0,0,400020,8850350
8850400,[武器] 提升精力恢复速度 - 等级1,精力回复速度+3点/秒,0,0,0,0,400020,8850400
8850450,[武器] 提升精力恢复速度 - 等级2,精力回复速度+5点/秒,0,0,0,0,400020,8850450
8850500,[武器] 提升物理攻击力 - 等级1,物理攻击力+8%,0,0,0,0,8850500,8850500
8850550,[武器] 提升物理攻击力 - 等级2,物理攻击力+10%,0,0,0,0,8850550,8850550
8850600,[武器] 提升属性攻击力 - 等级1,魔力/火/雷/圣属性伤害+6%,0,0,0,0,8850600,8850600
8850650,[武器] 提升属性攻击力 - 等级2,魔力/火/雷/圣属性伤害+8%,0,0,0,0,8850650,8850650
8850700,[武器] 提升让敌人失去平衡的能力 - 等级1,造成的削韧+8%,0,0,0,0,8850700,8850700
8850750,[武器] 提升让敌人失去平衡的能力 - 等级2,造成的削韧+12%,0,0,0,0,8850750,8850750
8850800,[武器] 提升物理减伤率 - 等级1,受到的物理属性伤害-9%,0,0,0,0,400030,8850800
8850850,[武器] 提升物理减伤率 - 等级2,受到的物理属性伤害-13%,0,0,0,0,400030,8850850
8850900,[武器] 提升物理以外的减伤率 - 等级1,受到的物理以外属性伤害-9%,0,0,0,0,400040,8850900
8850950,[武器] 提升物理以外的减伤率 - 等级2,受到的物理以外属性伤害-13%,0,0,0,0,400040,8850950
8851000,[武器] 提升对所有异常状态的抵抗力 - 等级1,中毒/猩红腐败/出血/冻伤/催眠/发狂/骤死异常耐受上限+52,0,0,0,0,400050,8851000
8851050,[武器] 提升对所有异常状态的抵抗力 - 等级2,中毒/猩红腐败/出血/冻伤/催眠/发狂/骤死异常耐受上限+65,0,0,0,0,400050,8851050
8851100,[武器] 提升强韧度 - 等级1,受到的韧性伤害-20%,0,0,0,0,8851100,8851100
8851150,[武器] 提升强韧度 - 等级2,受到的韧性伤害-33%,0,0,0,0,8851150,8851150
8851200,[武器] 强化魔法、祷告 - 等级1,魔法、祷告造成的伤害+6%,0,0,0,0,8851200,8851200
8851250,[武器] 强化魔法、祷告 - 等级2,魔法、祷告造成的伤害+8%,0,0,0,0,8851250,8851250
8851300,[武器] 延长魔法、祷告持续时间 - 等级1,,0,0,0,0,8851300,8851300
8851350,[武器] 延长魔法、祷告持续时间 - 等级2,,0,0,0,0,8851350,8851350
8851800,[武器] 强化突刺反击 - 等级1,触发突刺反击时，额外造成物理伤害+10%,0,0,0,0,8851800,8851800
8851850,[武器] 强化突刺反击 - 等级2,触发突刺反击时，额外造成物理伤害+15%,0,0,0,0,8851850,8851850
8851900,[武器] 提升圣杯瓶恢复量 - 等级1,红露滴圣杯瓶恢复量+13%,0,0,0,0,400060,8851900
8851950,[武器] 提升圣杯瓶恢复量 - 等级2,红露滴圣杯瓶恢复量+18%,0,0,0,0,400060,8851950
8852000,[武器] 打倒敌人时，增加获得的卢恩 - 等级1,获得的卢恩+6%，仅对击杀奖励有效,0,0,0,0,8852000,8852000
8852050,[武器] 打倒敌人时，增加获得的卢恩 - 等级2,获得的卢恩+9%，仅对击杀奖励有效,0,0,0,0,8852050,8852050
8880000,[武器] 蓄力攻击时，刮起冰风暴,使出蓄力攻击时，能刮起冰风暴; 冰风暴：造成120点基础魔力属性伤害，4点削韧，1号冲击力，50点冻伤值; 冰风暴持续存在1.2秒，半径1.7m，但仅进行一次伤害判定; 附魔效果：20秒内，武器附带20点冻伤值,0,0,0,0,8880000,8880000
8880200,[武器] 蓄力攻击时，喷洒黑焰,使出蓄力攻击时，能喷洒黑焰; 黑焰：造成5点基础火属性伤害，1点削韧，0号冲击力; 持续存在3.5秒，半径1m，附带黑焰特效; 黑焰特效：1.2秒内，每0.1秒扣除敌人（最大生命值的0.010%+3）; 附魔效果：7秒内，武器附带12点火属性伤害; 黑焰效果可以多层无限叠加，每层的持续时间单独计算),0,0,0,0,8880200,8880200
8880300,[武器] 蓄力攻击时，形成幻影进行攻击,使出蓄力攻击时，能形成幻影进行攻击; 幻影：造成165点基础物理伤害，8点削韧，6号冲击力,0,0,0,0,8880300,8880300
8881000,[武器] 蓄力攻击时，释放圣属性冲击波,蓄力使出打击攻击时，能释放黄金冲击波; 黄金冲击波：造成150点基础圣属性伤害，4点削韧，1号冲击力; 黄金冲击波会向前扩散12m; 附魔效果：20秒内，武器附带12点圣属性伤害,0,0,0,0,8881000,8881000
8881200,[武器] 蓄力攻击时，将敌人拉近自己,使出蓄力攻击时，能将敌人拉近自己; 拉拽：造成45点基础魔力属性伤害，3点削韧，3号冲击力; 共有3层不同的球状攻击判定，半径3.2m / 半径5.2m / 半径7m; 根据敌人的远近最多可以让3个攻击判定都命中,0,0,0,0,8881200,8881200
8881500,[武器] 蓄力攻击时，形成熔岩,使出蓄力攻击时，能形成熔岩; 熔岩：造成50点基础火属性伤害，5点削韧，3号冲击力; 熔岩持续存在3秒，半径2m; 每0.5秒可持续造成25点基础火属性伤害，1点削韧，0号冲击力; 附魔效果：20秒内，武器附带12点火属性伤害,0,0,0,0,8881500,8881500
8882100,[武器] 蓄力攻击时，释放雷电,使出蓄力攻击时，能释放雷电; 雷电：造成120点基础雷属性伤害，5点削韧，3号冲击力; 附魔效果：20秒内，武器附带12点雷属性伤害,0,0,0,0,8882100,8882100
8882500,[武器] 蓄力攻击时，形成催眠烟雾,使出蓄力攻击时，能形成催眠烟雾; 催眠烟雾：持续存在3秒，半径1m扩散至3m，每0.5秒可造成20点睡眠值; 附魔效果：20秒内，武器附带20点催眠值;（实际的存在时间解包看到就是3秒，比视觉上的动画特效更长）,0,0,0,0,8882500,8882500
8883000,[武器] 蓄力攻击时，形成追击魔力球,使出蓄力攻击时，能形成魔力球，进行追击; 魔力球：3个魔力球，每个造成20点基础魔力属性伤害，1点削韧，3号冲击力,0,0,0,0,8883000,8883000
8883100,[武器] 精密射击时，在命中点降下落雷,精密射击时，能在命中点降下落雷; 落雷：造成33%武器面板攻击力+30点基础雷属性伤害，不造成削韧，0号冲击力; 在水域可以额外形成扩散雷，造成60点基础雷属性伤害，不造成削韧，1号冲击力,0,0,0,0,8883100,8883100
8883200,[武器] 精密射击时，在命中点形成毒性烟雾,精密射击时，能在命中点形成毒性烟雾; 毒性烟雾：持续存在1.8秒，半径1m扩散至3m，每0.5秒可造成11点中毒值,0,0,0,0,8883200,8883200
8883300,[武器] 精密射击时，在命中点形成腐败烟雾,精密射击时，能在命中点形成腐败烟雾; 腐败烟雾：持续存在1.8秒，半径1m扩散至3m，每0.5秒可造成9点腐败值,0,0,0,0,8883300,8883300
8883400,[武器] 精密射击时，在命中点招来血蝇,精密射击时，能在命中点招来血蝇; 血蝇：造成3%武器面板攻击力+1点基础物理伤害，不造成削韧，0号冲击力; 持续存在1.8秒，半径1m扩散至3m，每0.5秒可造成7点出血值,0,0,0,0,8883400,8883400
8884200,[武器] 持盾维持防御时，发动圣域,持盾维持防御时，能缓慢恢复血量并展开圣域，提升减伤率; 持盾维持防御超过2.5秒后展开圣域，内置3秒冷却时间; 圣域：附近的友方单位，受到的伤害-15%，每1.5秒回复7点生命值，持续35秒; 弱化版圣域，和战技/其他词条引发的圣域数值不同,0,0,0,0,8884200,8884200
8884300,[武器] 失去平衡时，发动忍耐,防御时失去平衡，或是被敌人格挡时能发动忍耐，提升强韧度与减伤率; 被破盾或者被弹反后，3.5秒内，受到的伤害-30%，免疫冲击力,0,0,0,0,8884300,8884300
8885000,[武器] 使用圣杯瓶时，也恢复专注值,使用圣杯瓶时，也会恢复专注值; 使用圣杯瓶时，可以额外回复20%专注值,0,0,0,0,8885000,8885000
8885100,[武器] 专注值不够时，施展魔法、祈祷恢复专注值,专注值不够时，咏唱失败动作会转为恢复专注值; 咏唱失败的动作会被替换，并恢复13%专注值,0,0,0,0,8885100,8885100
8885200,[武器] 维持防御时，强化魔法、祷告,维持防御时，能提升魔法、祷告的攻击力与缩短咏唱时间; 双手共持法术触媒时，按照维持防御的时间触发增益buff，最多3层; 3层buff可互相叠加，但buff结束时间独立计算; 每2.5秒触发一层持续时间为25秒的增益; 法术伤害+10%，获得相当于30点灵巧所带来的施法速度,0,0,0,0,8885200,8885200
8990000,[武器] Debug,未测试，理论上赋予自身8990010和8990020,0,0,0,0,200,8100100
8990010,[武器] Debug,局内强化致命一击，局内提升双手共持攻击力，局内强化蓄力攻击（均为白色）,0,0,0,0,200,8100100
8990020,[武器] Debug,局内血量偏低时提升攻击力，局内打倒敌人时恢复血量,0,0,0,0,200,8100100
8990030,[武器] Debug,局内提升血量上限，局内提升精力上限,0,0,0,0,200,8100100
8990040,[武器] Debug,无作用,0,0,0,0,200,8100100
8990050,[武器] Debug,无作用,0,0,0,0,200,8100100
8990100,[武器] Debug,？？？（疑似没作用）,0,0,0,0,200,8100100
8990110,[武器] Debug,局内强化致命一击，局内提升双手共持攻击力，局内强化蓄力攻击（均为紫色）,0,0,0,0,200,8100100
8990120,[武器] Debug,局内血量偏低时提升攻击力，局内打倒敌人时恢复血量（均为紫色，后一个词条不生效？）,0,0,0,0,200,8100100
8990130,[武器] Debug,局内提升血量上限，局内提升精力上限，提升物理攻击力,0,0,0,0,200,8100100
8990140,[武器] Debug,局内提升属性攻击力，局内提升物理减伤率,0,0,0,0,200,8100100
8990150,[武器] Debug,局内缩短技艺冷却，局内闪避落雷,0,0,0,0,200,8100100
8990200,[武器] Debug,？？？（疑似没作用）,0,0,0,0,200,8100100
8990210,[武器] Debug,局内强化致命一击，局内提升双手共持攻击力，局内强化蓄力攻击（均为紫色）,0,0,0,0,200,8100100
8990220,[武器] Debug,局内血量偏低时提升攻击力，局内打倒敌人时恢复血量（均为紫色，后一个词条不生效？）,0,0,0,0,200,8100100
8990230,[武器] Debug,局内提升血量上限，局内提升精力上限，提升物理攻击力,0,0,0,0,200,8100100
8990240,[武器] Debug,局内提升属性攻击力，局内提升物理减伤率,0,0,0,0,200,8100100
8990250,[武器] Debug,局内血量上限，局内缩短技艺冷却，局内闪避落雷,0,0,0,0,200,8100100
9021400,[武器潜在力量] 夜与火的庇佑,发动战技后，能附加魔力或火属性攻击力,0,0,0,0,100,-1
9030900,[武器潜在力量] 暗月的庇佑,攻击时，能降低敌人的魔力属性减伤率,0,0,0,0,100,-1
9031000,[武器潜在力量] 无上庇佑,使出蓄力攻击时，能释放光波,0,0,0,0,100,-1
9031400,[武器潜在力量] 亵渎的庇佑,打倒敌人时，能恢复血量,0,0,0,0,100,-1
9031500,[武器潜在力量] 玛雷家的庇佑,打倒敌人时，能提升攻击力,0,0,0,0,100,-1
9031700,[武器潜在力量] 黄金律法的庇佑,使出蓄力攻击时，能治愈所有异常状态，并消除暂时性的效果,0,0,0,0,100,-1
9040200,[武器潜在力量] 命定之死的庇佑,攻击时，在极短的时间内：些微、持续减少血量,0,0,0,0,100,-1
9040500,[武器潜在力量] 碎星的庇佑,双手各持一把武器，在连续攻击的第一记攻击，能形成拉近敌人的重力波,0,0,0,0,100,-1
9040800,[武器潜在力量] 毁灭的庇佑,使出蓄力攻击时，能形成重力波,0,0,0,0,100,-1
9041000,[武器潜在力量] 复仇的庇佑,打倒敌人时，能提升所有的能力值；此效果能叠加,0,0,0,0,100,-1
9060400,[武器潜在力量] 龙王的庇佑,跳跃重攻击会产生变化：自己化为雷云，再用缠绕雷电的剑身贯穿敌人,0,0,0,0,100,-1
9071000,[武器潜在力量] 绝望的庇佑,攻击命中的敌人，较容易无关血量多寡立刻死亡,0,0,0,0,100,-1
9081000,[武器潜在力量] 恶兆王的庇佑,使出致命一击时，能引发火焰爆炸,0,0,0,0,100,-1
9090200,[武器潜在力量] 战无不胜的庇佑,受到损伤时，能通过攻击恢复部分血量,0,0,0,0,100,-1
9111500,[武器潜在力量] 女王的庇佑,使出蓄力攻击时，能形成圣属性的冲击波,0,0,0,0,100,-1
9122000,[武器潜在力量] 亵渎的庇佑,打倒敌人时，能恢复血量,0,0,0,0,100,-1
9130300,[武器潜在力量] 黑暗的庇佑,攻击时，偶尔会形成星云：星云会在短时间内爆炸消失,0,0,0,0,100,-1
9150400,[武器潜在力量] 黄金一族的庇佑,使出蓄力攻击时，能产生冲击波，也能撼动地面,0,0,0,0,100,-1
9151100,[武器潜在力量] 祖灵的庇佑,攻击时，偶尔会暂时降低周围敌人的减伤率,0,0,0,0,100,-1
9160900,[武器潜在力量] 大古龙的庇佑,蓄力发动战技后，能附加雷属性攻击力,0,0,0,0,100,-1
9170100,[武器潜在力量] 鲜血君王的庇佑,周围人物陷入异常状态出血时，能提升攻击力,0,0,0,0,100,-1
9200600,[武器潜在力量] 巨人的庇佑,发动战技后，能在周围燃起接连形成的火焰柱,0,0,0,0,100,-1
9210600,[武器潜在力量] 飞龙的庇佑,使出致命一击时，能释放龙焰,0,0,0,0,100,-1
9230500,[武器潜在力量] 初始之王的庇佑,使出蓄力攻击时，能提升攻击力,0,0,0,0,100,-1
9330900,[武器潜在力量] 满月的庇佑,在咏唱魔法、祷告时，能消除敌人的法，再借力形成辉剑,0,0,0,0,100,-1
9420000,[武器潜在力量] 将军的庇佑,重攻击时，能一次射出多支箭,0,0,0,0,100,-1
9990000,,,0,0,0,0,-1,-1
9990100,[武器不甘] 追踪者的不甘,+3力气 +3灵巧,0,0,0,0,100,-1
9990200,[武器不甘] 守护者的不甘,+3生命力 +3耐力,0,0,0,0,100,-1
9990300,[武器不甘] 铁之眼的不甘,+3耐力 +3灵巧,0,0,0,0,100,-1
9990400,[武器不甘] 女爵的不甘,+3灵巧 +3智力,0,0,0,0,100,-1
9990500,[武器不甘] 无赖的不甘,+3生命力 +3力气,0,0,0,0,100,-1
9990600,[武器不甘] 复仇者的不甘,+3信仰 +3感应,0,0,0,0,100,-1
9990700,[武器不甘] 隐士的不甘,+3集中力 +3智力,0,0,0,0,100,-1
9990800,[武器不甘] 执行者的不甘,+3灵巧 +3感应,0,0,0,0,100,-1
9990900,[武器不甘] 学者的不甘,+3智力 +3感应,0,0,0,0,100,-1
9991000,[武器不甘] 送葬者的不甘,+3力气 +3信仰,0,0,0,0,100,-1
999999999,,,0,0,0,0,-1,-1
